pdb_id,native_chain_id_1,native_chain_id_2,native_chain_type_1,native_chain_type_2,native_chain_cluster_id_1,native_chain_cluster_id_2,interface_cluster_id,by_low_homo_protein,max_sim,ligand_id
7yf2-assembly1,B-2,F-2,protein,ligand,protein_591,(SAH),4563,True,,(SAH)
7v36-assembly1,A,C,protein,ligand,protein_276,(AKG),129,True,,(AKG)
8x3q-assembly1,D-2,L-2,protein,ligand,protein_5828,(UDP),1214,True,,(UDP)
9enh-assembly1,B,O,protein,ligand,protein_6370,(FAD),3207,True,,(FAD)
8uou-assembly1,A-2,C-2,protein,ligand,protein_5320,(ASP),430,True,,(ASP)
8rcw-assembly1,A,C,protein,ligand,protein_4495,(YQF),4817,True,,(YQF)
7vf6-assembly1,A,E,protein,ligand,protein_279,(GDP),4096,True,,(GDP)
8yl9-assembly1,A,G,protein,ligand,protein_6031,(PPV),5982,True,,(PPV)
8t8z-assembly1,A,B,protein,ligand,protein_4919,(ADP),1147,True,,(ADP)
8ic7-assembly1,A,N,protein,ligand,protein_3035,(BXX),3664,True,,(BXX)
8s9m-assembly1,A,B,protein,ligand,protein_4634,(SFG),3330,True,,(SFG)
7x4q-assembly1,A,C,protein,ligand,protein_354,(UTP),4144,True,,(UTP)
8fmh-assembly1,A,I,protein,ligand,protein_2251,(4UR),1884,True,,(4UR)
8onn-assembly1,A,F,protein,ligand,protein_3770,(OCF),5082,True,,(OCF)
8ay0-assembly1,A,D,protein,ligand,protein_1124,(MHI),1004,True,,(MHI)
7x4t-assembly1,B,J,protein,ligand,protein_354,(2KH),4149,True,,(2KH)
8aga-assembly1,A,C,protein,ligand,protein_1006,(PHB),1279,True,,(PHB)
8tx9-assembly1,B,K,protein,ligand,protein_5121,(BMX),1133,True,,(BMX)
8smf-assembly1,B,I,protein,ligand,protein_5698,(OJC),2719,True,,(OJC)
8jdg-assembly1,A,C,protein,ligand,protein_3326,(UCU),2424,True,,(UCU)
8k3b-assembly1,A,B,protein,ligand,protein_3549,(ELE),1520,True,,(ELE)
7zdy-assembly1,A,E,protein,ligand,protein_811,(6MJ),4884,True,,(6MJ)
8onm-assembly1,A,F,protein,ligand,protein_3770,(PMP),5089,True,,(PMP)
8jdx-assembly1,A,D,protein,ligand,protein_3326,(KIV),2426,True,,(KIV)
8vcw-assembly1,A,F,protein,ligand,protein_5447,(DTB),2492,True,,(DTB)
8pb4-assembly1,A,C,protein,ligand,protein_4002,(XP6),286,True,,(XP6)
8upi-assembly1,A,D,protein,ligand,protein_5322,(SET),433,True,,(SET)
9jff-assembly1,A,E,protein,ligand,protein_6541,(33P),2278,True,,(33P)
8wev-assembly1,A-2,C-2,protein,ligand,protein_5662,(AMP),3428,True,,(AMP)
8rpj-assembly1,A,J,protein,ligand,protein_4561,(TPP),4271,True,,(TPP)
8ii8-assembly1,A,C,protein,ligand,protein_3084,(PW6),1062,True,,(PW6)
8dmt-assembly1,A,E,protein,ligand,protein_1833,(AR6),3121,True,,(AR6)
8tfo-assembly1,A,C,protein,ligand,protein_4966,(MEV),6052,True,,(MEV)
8y9p-assembly1,A,C,protein,ligand,protein_5983,(A3P),4561,True,,(A3P)
8kbg-assembly1,A,H,protein,ligand,protein_3630,(1SY),3020,True,,(1SY)
8jv2-assembly1,A,B,protein,ligand,protein_3460,(PRO),4474,True,,(PRO)
8k1x-assembly1,A,E,protein,ligand,protein_3535,(VI4),1701,True,,(VI4)
7v36-assembly1,A,B,protein,ligand,protein_276,(5P0),135,True,,(5P0)
8ok4-assembly1,A-2,C-2,protein,ligand,protein_3743,(GLC),5083,True,,(GLC)
8qch-assembly1,A,I,protein,ligand,protein_4263,(EIF),2334,True,,(EIF)
8yik-assembly1,A,B,protein,ligand,protein_3660,(ATP),5259,True,,(ATP)
8fmg-assembly1,C,V,protein,ligand,protein_2251,(Y4F),1886,True,,(Y4F)
7wvs-assembly1,A,C,protein,ligand,protein_329,(SAM),1557,True,,(SAM)
7zon-assembly1,A,E,protein,ligand,protein_853,(BGC),5717,True,,(BGC)
8jjt-assembly1,A,D,protein,ligand,protein_2199,(UD1),618,True,,(UD1)
8bsa-assembly1,A,C,protein,ligand,protein_1360,(DAR),5393,True,,(DAR)
8jdr-assembly1,A,C,protein,ligand,protein_3326,(UEI),2421,True,,(UEI)
8h5a-assembly1,B,W,protein,ligand,protein_2689,(7DV),2668,True,,(7DV)
8qjm-assembly1,A,C,protein,ligand,protein_4319,(C5P),3988,True,,(C5P)
8tnb-assembly1,B,E,protein,ligand,protein_5036,(IQM),4779,True,,(IQM)
8jik-assembly1,A-2,B-2,protein,ligand,protein_3370,(PLP),54,True,,(PLP)
8zvh-assembly1,A,D,protein,ligand,protein_5116,(PHE),4265,True,,(PHE)
8q8i-assembly1,A,J,protein,ligand,protein_1088,(O5R),4847,True,,(O5R)
8ixq-assembly1,B,E,protein,ligand,protein_3110,(LW8),5864,True,,(LW8)
8wbt-assembly1,B,J,protein,ligand,protein_5723,(TLA),5279,True,,(TLA)
8ji7-assembly1,B,I,protein,ligand,protein_5116,(TRP),59,True,,(TRP)
8avq-assembly1,A,H,protein,ligand,protein_1088,(UDX),3754,True,,(UDX)
8ork-assembly1,A,B,protein,ligand,protein_3814,(MPO),1492,True,,(MPO)
8te9-assembly1,A,C,protein,ligand,protein_4927,(8X3),4652,True,,(8X3)
8hwi-assembly1,B,G,protein,ligand,protein_2923,(C2E),1827,True,,(C2E)
8jv3-assembly1,A,B,protein,ligand,protein_3460,(BET),4473,True,,(BET)
8ye0-assembly1,A,E,protein,ligand,protein_5992,(PIS),2915,True,,(PIS)
8j5h-assembly1,A,B,protein,ligand,protein_3247,(TV0),1372,True,,(TV0)
8xfa-assembly1,A,B,protein,ligand,protein_5884,(6L0),6114,True,,(6L0)
8wni-assembly1,A,C,protein,ligand,protein_5728,(VAL),2680,True,,(VAL)
8sx2-assembly1,A,C,protein,ligand,protein_4821,(UHB),5061,True,,(UHB)
8bo1-assembly1,B,I,protein,ligand,protein_1338,(3AT),2018,True,,(3AT)
7xjv-assembly1,A,F,protein,ligand,protein_432,(GDD),5591,True,,(GDD)
8dvw-assembly1,A,B,protein,ligand,protein_1880,(UD2),3194,True,,(UD2)
9b1v-assembly1,A,E,protein,ligand,protein_6175,(PQQ),4298,True,,(PQQ)
7v2t-assembly1,A,G,protein,ligand,protein_276,(5UQ),132,True,,(5UQ)
8oru-assembly1,A,H,protein,ligand,protein_3814,(DG2),1485,True,,(DG2)
8jv1-assembly1,A,B,protein,ligand,protein_3460,(ABU),4464,True,,(ABU)
8k5j-assembly1,A,C,protein,ligand,protein_3576,(AVJ),708,True,,(AVJ)
8x6q-assembly1,A,E,protein,ligand,protein_5842,(Y8R),361,True,,(Y8R)
8jkk-assembly1,A,N,protein,ligand,protein_3381,(OGA),2516,True,,(OGA)
8p0m-assembly1,A,G,protein,ligand,protein_4218,(WCF),1242,False,0.160377358490566,(WCF)
8jny-assembly1,A,C,protein,ligand,protein_2822,(ERV),2112,False,0.2407407407407407,(ERV)
8bn5-assembly1,A,F,protein,ligand,protein_1364,(ABU),2559,False,0.375,(ABU)
8pgt-assembly1,A,D,protein,ligand,protein_4001,(YKZ),5931,False,0.1782178217821782,(YKZ)
7g1g-assembly1,A,B,protein,ligand,protein_3186,(WO0),5344,False,0.2058823529411764,(WO0)
8rhe-assembly1,A,C,protein,ligand,protein_4518,(BLG),4501,False,0.1727272727272727,(BLG)
8wch-assembly1,A,C,protein,ligand,protein_5640,(PCA),4720,False,0.2857142857142857,(PCA)
8i61-assembly1,A,B,protein,ligand,protein_1034,(BR8),4477,False,0.375,(BR8)
8pgk-assembly1,A,D,protein,ligand,protein_4001,(YVH),5915,False,0.2061855670103092,(YVH)
8otp-assembly1,A,D,protein,ligand,protein_1566,(VZW),5618,False,0.4354838709677419,(VZW)
8r0i-assembly1,A,D,protein,ligand,protein_6085,(XG7),345,False,0.2857142857142857,(XG7)
8pgm-assembly1,A,D,protein,ligand,protein_4001,(YU0),5928,False,0.2285714285714285,(YU0)
8aeb-assembly1,A-2,C-2,protein,ligand,protein_6290,(35J),3629,False,0.2708333333333333,(35J)
8cdq-assembly1,A,N,protein,ligand,protein_1562,(KQ0),1102,False,0.0789473684210526,(KQ0)
8e5n-assembly1,B,L,protein,ligand,protein_1927,(UL0),444,False,0.1485148514851485,(UL0)
7uyb-assembly1,A,D,protein,ligand,protein_4001,(OK0),2472,False,0.1780821917808219,(OK0)
8k4f-assembly1,A,E,protein,ligand,protein_3714,(OG6),3448,False,0.4482758620689655,(OG6)
7g14-assembly1,A,C,protein,ligand,protein_3186,(Q1I),2641,False,0.3424657534246575,(Q1I)
8dje-assembly1,A,C,protein,ligand,protein_1814,(U6S),164,False,0.4507042253521127,(U6S)
8g9v-assembly1,B,O,protein,ligand,protein_2412,(YYC),4415,False,0.0952380952380952,(YYC)
8azc-assembly1,A,C,protein,ligand,protein_1125,(MPO),3505,False,0.2857142857142857,(MPO)
9aul-assembly1,A-2,B-2,protein,ligand,protein_6290,(4WI),437,False,0.425287356321839,(4WI)
7r59-assembly1,A,C,protein,ligand,protein_2822,(I5F),584,False,0.180327868852459,(I5F)
8tc9-assembly1,D,JA,protein,ligand,protein_4946,(ZTE),306,False,0.2608695652173913,(ZTE)
8iau-assembly1,A,I,protein,ligand,protein_2046,(FBP),1287,False,0.088235294117647,(FBP)
8bic-assembly1,A,C,protein,ligand,protein_1254,(SAH),1604,False,0.0,(SAH)
8qqa-assembly1,A,E,protein,ligand,protein_1566,(B1T),1184,False,0.2432432432432432,(B1T)
8g7h-assembly1,B,J,protein,ligand,protein_1934,(YRQ),5255,False,0.2857142857142857,(YRQ)
8erd-assembly1,A,B,protein,ligand,protein_220,(WQ6),5550,False,0.4666666666666667,(WQ6)
8auh-assembly1,A,D,protein,ligand,protein_5810,(L9I),3293,False,0.2,(L9I)
8ogc-assembly1,A,G,protein,ligand,protein_3780,(VMZ),3703,False,0.0289855072463768,(VMZ)
8hyb-assembly1,A,G,protein,ligand,protein_632,(5ZX),1896,False,0.2608695652173913,(5ZX)
7fwm-assembly1,A,B,protein,ligand,protein_3186,(O9U),2642,False,0.2878787878787879,(O9U)
7fx6-assembly1,A,B,protein,ligand,protein_3186,(QJX),3063,False,0.2972972972972973,(QJX)
8sio-assembly1,A,C,protein,ligand,protein_4678,(GXF),2729,False,0.4941176470588235,(GXF)
8g6p-assembly1,A,J,protein,ligand,protein_2405,(API),5243,False,0.0808080808080808,(API)
8br6-assembly1,A,C,protein,ligand,protein_5394,(R6I),2010,False,0.3333333333333333,(R6I)
8rqh-assembly1,A,C,protein,ligand,protein_4566,(FAD),5996,False,0.5,(FAD)
8w9i-assembly1,A,C,protein,ligand,protein_5618,(W2H),802,False,0.3604651162790697,(W2H)
8r5t-assembly1,A,C,protein,ligand,protein_3010,(Y4E),581,False,0.2653061224489796,(Y4E)
8h0m-assembly1,A,F,protein,ligand,protein_2556,(2EH),3985,False,0.3809523809523809,(2EH)
8p9q-assembly1,A,D,protein,ligand,protein_4001,(XC6),3642,False,0.2297297297297297,(XC6)
8w8h-assembly1,A,E,protein,ligand,protein_5612,(ILE),5437,False,0.3333333333333333,(ILE)
8chl-assembly1,A,C,protein,ligand,protein_4097,(USV),5384,False,0.1636363636363636,(USV)
8qe0-assembly1,A-2,B,protein,ligand,protein_3496,(U8R),4515,False,0.1428571428571428,(U8R)
7g0h-assembly1,A,B,protein,ligand,protein_3186,(W8T),5950,False,0.2318840579710145,(W8T)
8u8k-assembly1,A,B,protein,ligand,protein_5815,(W8U),4868,False,0.4470588235294118,(W8U)
8clw-assembly1,A,C,protein,ligand,protein_1621,(UZ3),3236,False,0.3709677419354839,(UZ3)
8khq-assembly1,A,G,protein,ligand,protein_3680,(CYS),667,False,0.2,(CYS)
8eud-assembly1,A,C,protein,ligand,protein_1916,(WUR),6034,False,0.1649484536082474,(WUR)
8vg8-assembly1,A-3,B-3,protein,ligand,protein_1771,(7L9),1368,False,0.2,(7L9)
8p5i-assembly1,A,E,protein,ligand,protein_3963,(WYX),3891,False,0.2121212121212121,(WYX)
7g1u-assembly1,A,E,protein,ligand,protein_3186,(WQ3),5357,False,0.2816901408450704,(WQ3)
7yl2-assembly1,A,B,protein,ligand,protein_6006,(JCO),5987,False,0.3432835820895522,(JCO)
7fxw-assembly1,A,B,protein,ligand,protein_3186,(UB8),3085,False,0.32,(UB8)
8xw7-assembly1,A,H,protein,ligand,protein_2046,(ADP),4627,False,0.0652173913043478,(ADP)
8jvl-assembly1,A,B,protein,ligand,protein_6215,(V5L),4472,False,0.0869565217391304,(V5L)
8eym-assembly1,B,F,protein,ligand,protein_2208,(AGP),506,False,0.2,(AGP)
7zi6-assembly1,A,C,protein,ligand,protein_3781,(JAQ),2391,False,0.4651162790697674,(JAQ)
7gnc-assembly1,A,J,protein,ligand,protein_6290,(RW9),2875,False,0.3580246913580246,(RW9)
8pqg-assembly1,A,C,protein,ligand,protein_6026,(9JI),5769,False,0.2413793103448276,(9JI)
7tuo-assembly1,A,C,protein,ligand,protein_3932,(KL9),91,False,0.0327868852459016,(KL9)
8hay-assembly1,A,E,protein,ligand,protein_560,(KYL),1810,False,0.0192307692307692,(KYL)
8dmr-assembly1,A,B,protein,ligand,protein_1832,(AR6),3124,False,0.0,(AR6)
8cex-assembly1,A,D,protein,ligand,protein_5547,(UG0),1326,False,0.1125,(UG0)
7zl5-assembly1,A,E,protein,ligand,protein_1566,(IWE),1295,False,0.3768115942028985,(IWE)
8gfc-assembly1,A,B,protein,ligand,protein_2477,(ZI2),2991,False,0.3818181818181818,(ZI2)
8u37-assembly1,A,B,protein,ligand,protein_2270,(V5U),5400,False,0.25,(V5U)
8bpv-assembly1,A,B,protein,ligand,protein_2418,(6T3),2958,False,0.25,(6T3)
8c1g-assembly1,A,B,protein,ligand,protein_6382,(T3I),654,False,0.2459016393442623,(T3I)
8agp-assembly1,A,D,protein,ligand,protein_1007,(M1U),1275,False,0.0588235294117647,(M1U)
8gl9-assembly1,B,N,protein,ligand,protein_2457,(ZQW),3260,False,0.1558441558441558,(ZQW)
7g0v-assembly1,A,B,protein,ligand,protein_3186,(WLR),5935,False,0.2428571428571428,(WLR)
7fvw-assembly1,A,B,protein,ligand,protein_3186,(IQH),1390,False,0.2857142857142857,(IQH)
8k5q-assembly1,A,C,protein,ligand,protein_3563,(C2E),709,False,0.0,(C2E)
8t0t-assembly1,A-3,C-3,protein,ligand,protein_288,(Y6E),1226,False,0.2421052631578947,(Y6E)
8uuf-assembly1,A,B,protein,ligand,protein_2319,(XWO),1941,False,0.3085106382978723,(XWO)
8cbt-assembly1,B,E,protein,ligand,protein_1546,(W2Q),1164,False,0.475,(W2Q)
8hx9-assembly1,A,C,protein,ligand,protein_2929,(TRP),978,False,0.0,(TRP)
7zib-assembly1,A-2,C-2,protein,ligand,protein_3781,(J7I),2392,False,0.2631578947368421,(J7I)
8q0t-assembly1,A,C,protein,ligand,protein_4179,(IJJ),5151,False,0.1645569620253164,(IJJ)
8bzx-assembly1,B,E,protein,ligand,protein_919,(SW6),5745,False,0.4729729729729729,(SW6)
8ax3-assembly1,B,YA,protein,ligand,protein_6430,(OD0),5691,False,0.2352941176470588,(OD0)
8zly-assembly1,A,L,protein,ligand,protein_2046,(UDP),1289,False,0.0941176470588235,(UDP)
7r3z-assembly1,A,E,protein,ligand,protein_105,(I1Q),528,False,0.2033898305084746,(I1Q)
8uob-assembly1,A,B,protein,ligand,protein_2319,(XB5),2520,False,0.2735849056603773,(XB5)
8ex2-assembly1,A,B,protein,ligand,protein_1201,(Q2Q),5474,False,0.1571428571428571,(Q2Q)
8fgq-assembly1,B,P,protein,ligand,protein_5268,(V80),3540,False,0.4545454545454545,(V80)
8xw8-assembly1,A-2,I-2,protein,ligand,protein_2046,(GDP),4628,False,0.108695652173913,(GDP)
8b96-assembly1,A,B,protein,ligand,protein_6006,(Q2F),34,False,0.4375,(Q2F)
8oo5-assembly1,A,B,protein,ligand,protein_3780,(VUF),1726,False,0.0285714285714285,(VUF)
8ak6-assembly1,A,E,protein,ligand,protein_3706,(08D),4830,False,0.2,(08D)
8atn-assembly1,A,C,protein,ligand,protein_5394,(O06),1844,False,0.2555555555555555,(O06)
8q34-assembly1,A,F,protein,ligand,protein_6006,(IX4),6012,False,0.24,(IX4)
8g7f-assembly1,B,H,protein,ligand,protein_1934,(1JJ),5256,False,0.2857142857142857,(1JJ)
8v2f-assembly1,A,E,protein,ligand,protein_5394,(YJU),3035,False,0.2524271844660194,(YJU)
8co3-assembly1,A,F,protein,ligand,protein_1652,(V8O),4568,False,0.2318840579710145,(V8O)
7fyv-assembly1,A,B,protein,ligand,protein_3186,(W9Q),4323,False,0.21875,(W9Q)
8okj-assembly1,A,C,protein,ligand,protein_1566,(VRI),424,False,0.2933333333333333,(VRI)
7uya-assembly1,A,D,protein,ligand,protein_4001,(OKC),2474,False,0.1739130434782608,(OKC)
8qe1-assembly1,A,B-2,protein,ligand,protein_3496,(U8E),4506,False,0.2164948453608247,(U8E)
7fzn-assembly1,A,B,protein,ligand,protein_3186,(WHB),3834,False,0.1846153846153846,(WHB)
8qhq-assembly1,B,I,protein,ligand,protein_4308,(5HU),314,False,0.3661971830985915,(5HU)
8pge-assembly1,A,D,protein,ligand,protein_4001,(YU8),5917,False,0.2083333333333333,(YU8)
8jfb-assembly1,A,C,protein,ligand,protein_1768,(U86),2281,False,0.4150943396226415,(U86)
8ph3-assembly1,A,D,protein,ligand,protein_4001,(YQR),4000,False,0.1758241758241758,(YQR)
7gh3-assembly1,A,E,protein,ligand,protein_6290,(Q1C),4713,False,0.4545454545454545,(Q1C)
8chm-assembly1,A,B,protein,ligand,protein_4097,(UT6),5380,False,0.1546391752577319,(UT6)
7fyk-assembly1,A,B,protein,ligand,protein_3186,(W8C),4325,False,0.180327868852459,(W8C)
7z63-assembly1,C,J,protein,ligand,protein_781,(IE3),3880,False,0.4,(IE3)
8qdy-assembly1,A-2,B,protein,ligand,protein_3496,(U74),860,False,0.2409638554216867,(U74)
8un3-assembly1,A,E,protein,ligand,protein_1803,(XOI),450,False,0.2868852459016393,(XOI)
8sqg-assembly1,A,D,protein,ligand,protein_6518,(X6Q),3511,False,0.3448275862068966,(X6Q)
8olf-assembly1,A,C,protein,ligand,protein_1566,(VS9),422,False,0.4776119402985074,(VS9)
8ezv-assembly1,A-2,B-2,protein,ligand,protein_6290,(X6O),5756,False,0.4886363636363636,(X6O)
8hut-assembly1,A,C,protein,ligand,protein_6290,(7YY),1028,False,0.1411764705882353,(7YY)
8oua-assembly1,A,E,protein,ligand,protein_3847,(W0Z),3968,False,0.4821428571428571,(W0Z)
8ouv-assembly1,A,C,protein,ligand,protein_2703,(W3R),3971,False,0.2033898305084746,(W3R)
7zia-assembly1,A-2,C-2,protein,ligand,protein_3781,(J29),2398,False,0.2692307692307692,(J29)
8ea8-assembly1,A,F,protein,ligand,protein_1938,(VML),3807,False,0.0864197530864197,(VML)
8fbu-assembly1,A,D,protein,ligand,protein_2197,(XOL),1819,False,0.2258064516129032,(XOL)
7fwf-assembly1,A,D,protein,ligand,protein_3186,(MQF),2643,False,0.2424242424242424,(MQF)
8izc-assembly1,A,F,protein,ligand,protein_2403,(S93),4025,False,0.2,(S93)
7g0i-assembly1,A,E,protein,ligand,protein_3186,(TXO),3064,False,0.2428571428571428,(TXO)
8ohu-assembly1,A,B,protein,ligand,protein_3718,(SJ5),5311,False,0.25,(SJ5)
8w8j-assembly1,A,C,protein,ligand,protein_5618,(W1Q),5430,False,0.3444444444444444,(W1Q)
8ff8-assembly1,A,C,protein,ligand,protein_1814,(XV0),5715,False,0.4411764705882353,(XV0)
8skl-assembly1,A,E,protein,ligand,protein_196,(V2O),535,False,0.3064516129032258,(V2O)
8biq-assembly1,A,E,protein,ligand,protein_1258,(AMP),3516,False,0.0192307692307692,(AMP)
8p3n-assembly1,A,C,protein,ligand,protein_3953,(ADZ),1989,False,0.3157894736842105,(ADZ)
8rzk-assembly1,B,M,protein,ligand,protein_4602,(TLA),3140,False,0.1363636363636363,(TLA)
8bdn-assembly1,C,M,protein,ligand,protein_2327,(QFR),2209,False,0.391304347826087,(QFR)
8g3w-assembly1,A,G,protein,ligand,protein_2012,(YKX),2479,False,0.1396648044692737,(YKX)
7vrk-assembly1,B,G,protein,ligand,protein_6006,(TEP),2828,False,0.2653061224489796,(TEP)
8orc-assembly1,B,J,protein,ligand,protein_1029,(VY8),1481,False,0.2203389830508474,(VY8)
8p3r-assembly1,B,D,protein,ligand,protein_3953,(WUT),1982,False,0.1,(WUT)
8p8k-assembly1,B,D,protein,ligand,protein_4385,(X7C),4201,False,0.0,(X7C)
8c3g-assembly1,A,E,protein,ligand,protein_1467,(QS0),3480,False,0.3855421686746988,(QS0)
8oke-assembly1,A,C,protein,ligand,protein_1566,(VQC),5410,False,0.4029850746268656,(VQC)
8vr7-assembly1,A,G,protein,ligand,protein_5518,(ACO),2834,False,0.0112359550561797,(ACO)
8qbc-assembly1,A,E,protein,ligand,protein_3652,(GEE),123,False,0.4761904761904761,(GEE)
8uc2-assembly1,A,B,protein,ligand,protein_5228,(BEZ),3441,False,0.2,(BEZ)
8omj-assembly1,B,C,protein,ligand,protein_3759,(VTM),3822,False,0.3372093023255814,(VTM)
8qhg-assembly1,A,B,protein,ligand,protein_1566,(V8I),315,False,0.4893617021276595,(V8I)
8try-assembly1,A,D,protein,ligand,protein_4179,(QU0),4545,False,0.1573033707865168,(QU0)
8gfl-assembly1,A,B,protein,ligand,protein_2477,(ZIE),2978,False,0.4210526315789473,(ZIE)
7gnr-assembly1,B,S,protein,ligand,protein_6290,(RZU),2874,False,0.3373493975903614,(RZU)
8bro-assembly1,A-3,B-2,protein,ligand,protein_1350,(R7E),2006,False,0.25,(R7E)
8qyr-assembly1,A,B,protein,ligand,protein_976,(XB2),5128,False,0.1641791044776119,(XB2)
8ojp-assembly1,B,E,protein,ligand,protein_4469,(VPZ),2756,False,0.4861111111111111,(VPZ)
8r5v-assembly1,A,D,protein,ligand,protein_4461,(TF4),590,False,0.2,(TF4)
8fo5-assembly1,A,E,protein,ligand,protein_1002,(Y4U),3897,False,0.175438596491228,(Y4U)
8oqr-assembly1,A,O,protein,ligand,protein_3796,(VWT),1346,False,0.1739130434782608,(VWT)
8gsj-assembly1,A,F,protein,ligand,protein_2577,(GJZ),5805,False,0.0,(GJZ)
7fwz-assembly1,A,D,protein,ligand,protein_3186,(QD3),2646,False,0.2923076923076923,(QD3)
8jab-assembly1,A,B,protein,ligand,protein_3297,(U0X),1898,False,0.1746031746031746,(U0X)
8cgc-assembly1,A,D,protein,ligand,protein_6026,(UIK),998,False,0.2638888888888889,(UIK)
9boo-assembly1,A-2,B-2,protein,ligand,protein_6290,(YDL),2455,False,0.3111111111111111,(YDL)
8r1p-assembly1,A,C,protein,ligand,protein_4437,(XIP),330,False,0.3636363636363636,(XIP)
8pgz-assembly1,A,D,protein,ligand,protein_4001,(YQW),5933,False,0.1764705882352941,(YQW)
7g13-assembly1,A,B,protein,ligand,protein_3186,(WJH),5337,False,0.175,(WJH)
7zls-assembly1,A,N,protein,ligand,protein_835,(JH9),1282,False,0.101010101010101,(JH9)
8c14-assembly1,A,Y,protein,ligand,protein_6382,(T0L),653,False,0.2285714285714285,(T0L)
8fln-assembly1,A,B,protein,ligand,protein_2703,(Y7W),2462,False,0.3297872340425531,(Y7W)
8xf7-assembly1,A,B,protein,ligand,protein_5884,(6L0),6114,False,0.0,(6L0)
8cbu-assembly1,D,M,protein,ligand,protein_1546,(U60),1158,False,0.4578313253012048,(U60)
8hy1-assembly1,A,E,protein,ligand,protein_4001,(5ZU),3046,False,0.2692307692307692,(5ZU)
8wbv-assembly1,A,C,protein,ligand,protein_5634,(BMA),5277,False,0.1578947368421052,(BMA)
8q3u-assembly1,A,C,protein,ligand,protein_1566,(J8I),6013,False,0.396551724137931,(J8I)
7fz1-assembly1,A,B,protein,ligand,protein_3186,(WDE),3856,False,0.2372881355932203,(WDE)
8h1q-assembly1,A-2,B-2,protein,ligand,protein_2662,(PLS),3531,False,0.5,(PLS)
8qk2-assembly1,A-2,D-2,protein,ligand,protein_121,(VTF),1496,False,0.2783505154639175,(VTF)
8qez-assembly1,A,M,protein,ligand,protein_1364,(UF5),4513,False,0.4888888888888889,(UF5)
8gmd-assembly1,A,C,protein,ligand,protein_2524,(ZRR),5553,False,0.1442307692307692,(ZRR)
7g1v-assembly1,A,D,protein,ligand,protein_3186,(WQ8),5343,False,0.2586206896551724,(WQ8)
8riy-assembly1,B,C,protein,ligand,protein_4133,(W0O),4162,False,0.1931818181818181,(W0O)
7fxh-assembly1,A,B,protein,ligand,protein_3186,(RI4),3090,False,0.391304347826087,(RI4)
7fxb-assembly1,A,D,protein,ligand,protein_3186,(QZI),3061,False,0.2083333333333333,(QZI)
7vsf-assembly1,A,D,protein,ligand,protein_6006,(7UM),3902,False,0.4893617021276595,(7UM)
8bca-assembly1,A,C,protein,ligand,protein_1227,(Q96),3137,False,0.2941176470588235,(Q96)
8gfe-assembly1,A,B,protein,ligand,protein_2477,(ZH8),2972,False,0.3870967741935484,(ZH8)
8pgl-assembly1,A,D,protein,ligand,protein_4001,(YK5),5906,False,0.202020202020202,(YK5)
8chj-assembly1,A,E,protein,ligand,protein_4097,(UQI),5388,False,0.1632653061224489,(UQI)
8fe5-assembly1,A,E,protein,ligand,protein_2214,(XTT),4640,False,0.234375,(XTT)
8f8k-assembly1,A-2,F-2,protein,ligand,protein_2173,(IPE),4813,False,0.4848484848484848,(IPE)
8di4-assembly1,A,E,protein,ligand,protein_62,(S9I),6065,False,0.3452380952380952,(S9I)
8jyg-assembly1,A,C,protein,ligand,protein_1208,(V8R),2763,False,0.1428571428571428,(V8R)
7prw-assembly1,A,I,protein,ligand,protein_36,(82H),3858,False,0.4583333333333333,(82H)
8igx-assembly1,A-2,B-2,protein,ligand,protein_6290,(PQL),3862,False,0.2427184466019417,(PQL)
8i6a-assembly1,A,B,protein,ligand,protein_1034,(ORO),4478,False,0.3777777777777777,(ORO)
8hf8-assembly1,A,C,protein,ligand,protein_4508,(LOO),5303,False,0.2804878048780488,(LOO)
7fti-assembly1,A,C,protein,ligand,protein_4699,(YMI),827,False,0.2456140350877192,(YMI)
7uet-assembly1,A,B,protein,ligand,protein_214,(MXW),882,False,0.5,(MXW)
8i71-assembly1,A,L,protein,ligand,protein_2401,(OTI),294,False,0.3888888888888889,(OTI)
8bo7-assembly1,A,B,protein,ligand,protein_537,(QW6),6051,False,0.2575757575757575,(QW6)
8e7r-assembly1,A,J,protein,ligand,protein_1934,(PAE),1694,False,0.2647058823529412,(PAE)
7fu2-assembly1,A,C,protein,ligand,protein_4699,(YM9),563,False,0.1964285714285714,(YM9)
7fzl-assembly1,A,B,protein,ligand,protein_3186,(WGQ),3843,False,0.2131147540983606,(WGQ)
8g4a-assembly1,B,C,protein,ligand,protein_1623,(YL8),1676,False,0.175438596491228,(YL8)
7zi3-assembly1,A-2,B-2,protein,ligand,protein_3781,(J98),2393,False,0.2410714285714285,(J98)
8id0-assembly1,A,B,protein,ligand,protein_3036,(7P6),1092,False,0.0,(7P6)
7typ-assembly1,A,D,protein,ligand,protein_4218,(KUR),1917,False,0.1770833333333333,(KUR)
8tbs-assembly1,D,V,protein,ligand,protein_2046,(HVI),5628,False,0.382716049382716,(HVI)
8bm2-assembly1,A,C,protein,ligand,protein_2418,(QQC),5960,False,0.233009708737864,(QQC)
7g02-assembly1,A,B,protein,ligand,protein_3186,(WIL),5936,False,0.3114754098360656,(WIL)
8qe3-assembly1,A-2,B-2,protein,ligand,protein_3496,(U96),4508,False,0.1724137931034483,(U96)
8uoi-assembly1,A,B,protein,ligand,protein_5886,(X3Q),2530,False,0.2444444444444444,(X3Q)
7g0k-assembly1,A,D,protein,ligand,protein_3186,(UOF),4329,False,0.375,(UOF)
7fwp-assembly1,A,B,protein,ligand,protein_3186,(OT9),2634,False,0.2962962962962963,(OT9)
7fum-assembly1,A,C,protein,ligand,protein_4699,(YU6),549,False,0.2222222222222222,(YU6)
8sv9-assembly1,A,C,protein,ligand,protein_3963,(WXH),1612,False,0.1862745098039215,(WXH)
8v3k-assembly1,A,F,protein,ligand,protein_5402,(DPO),138,False,0.4666666666666667,(DPO)
7yha-assembly1,A,H,protein,ligand,protein_632,(ITK),546,False,0.2777777777777778,(ITK)
8r11-assembly1,B,H,protein,ligand,protein_6290,(XI0),332,False,0.3283582089552239,(XI0)
8cnh-assembly1,A,B,protein,ligand,protein_3113,(V6U),3925,False,0.2328767123287671,(V6U)
8wlb-assembly1,A,B,protein,ligand,protein_5705,(WEB),1682,False,0.2142857142857142,(WEB)
8bdj-assembly1,C,M,protein,ligand,protein_2327,(QE0),2204,False,0.3780487804878049,(QE0)
8tab-assembly1,A,E,protein,ligand,protein_4964,(U4T),1265,False,0.358974358974359,(U4T)
7oyp-assembly1,A,C,protein,ligand,protein_1566,(3I4),5290,False,0.36,(3I4)
8hy3-assembly1,A,C,protein,ligand,protein_5889,(4Q8),3040,False,0.4285714285714285,(4Q8)
8oyq-assembly1,A,C,protein,ligand,protein_3953,(W6T),5296,False,0.0909090909090909,(W6T)
8cgc-assembly1,A,B,protein,ligand,protein_6026,(LMR),997,False,0.3157894736842105,(LMR)
8oko-assembly1,A,C,protein,ligand,protein_1566,(VR3),5415,False,0.2727272727272727,(VR3)
8bit-assembly1,A,C,protein,ligand,protein_1258,(6R9),3517,False,0.0169491525423728,(6R9)
8h6p-assembly1,A,C,protein,ligand,protein_220,(WZU),743,False,0.2394366197183098,(WZU)
8ojo-assembly1,A,F,protein,ligand,protein_3178,(YIO),2752,False,0.2692307692307692,(YIO)
8c3r-assembly1,A,C,protein,ligand,protein_1467,(R7O),3661,False,0.3636363636363636,(R7O)
7fy5-assembly1,A,B,protein,ligand,protein_3186,(V4R),4340,False,0.2456140350877192,(V4R)
7fwu-assembly1,A,B,protein,ligand,protein_3186,(Q0O),2655,False,0.2,(Q0O)
8pa5-assembly1,A,D,protein,ligand,protein_4001,(XMZ),5167,False,0.2133333333333333,(XMZ)
8qtg-assembly1,A,B,protein,ligand,protein_6458,(WUQ),2100,False,0.0333333333333333,(WUQ)
7fub-assembly1,A,C,protein,ligand,protein_4699,(YQ3),569,False,0.1935483870967742,(YQ3)
8abo-assembly1,A,B,protein,ligand,protein_969,(231),1421,False,0.3548387096774194,(231)
8p9s-assembly1,A,D,protein,ligand,protein_4001,(XCB),3632,False,0.2197802197802197,(XCB)
8dbb-assembly1,C,G,protein,ligand,protein_1771,(R3K),4304,False,0.1666666666666666,(R3K)
8gfh-assembly1,A,C,protein,ligand,protein_2477,(ZIA),2974,False,0.4705882352941176,(ZIA)
7fvu-assembly1,A,D,protein,ligand,protein_3186,(GFS),1380,False,0.25,(GFS)
8w8l-assembly1,B,R,protein,ligand,protein_5618,(W20),5436,False,0.3555555555555555,(W20)
8ph1-assembly1,A,D,protein,ligand,protein_4001,(YMF),4007,False,0.18,(YMF)
8c3u-assembly1,A,C,protein,ligand,protein_4601,(T9C),3652,False,0.1265822784810126,(T9C)
8pgg-assembly1,A,D,protein,ligand,protein_4001,(YU3),5929,False,0.2117647058823529,(YU3)
8bjl-assembly1,A,C,protein,ligand,protein_1179,(QXO),6079,False,0.3333333333333333,(QXO)
7zsq-assembly1,B,G,protein,ligand,protein_872,(JTO),260,False,0.3333333333333333,(JTO)
8fx3-assembly1,A,C,protein,ligand,protein_5067,(IMU),3076,False,0.4084507042253521,(IMU)
8g7g-assembly1,B,G,protein,ligand,protein_1934,(YS8),5257,False,0.2941176470588235,(YS8)
8pfi-assembly1,B,P,protein,ligand,protein_740,(YHG),3161,False,0.1442307692307692,(YHG)
8h7m-assembly1,A,C,protein,ligand,protein_5557,(WYS),3397,False,0.15625,(WYS)
7zi9-assembly1,A,C,protein,ligand,protein_3781,(J6M),2394,False,0.2647058823529412,(J6M)
8qrt-assembly1,A,E,protein,ligand,protein_4385,(WP2),1270,False,0.0,(WP2)
8tbu-assembly1,D,T,protein,ligand,protein_2046,(I0R),5637,False,0.4242424242424242,(I0R)
8kht-assembly1,B,F,protein,ligand,protein_3682,(VY9),671,False,0.46875,(VY9)
5sng-assembly1,A,C,protein,ligand,protein_6085,(UV7),2238,False,0.18,(UV7)
8gfd-assembly1,A,B,protein,ligand,protein_2477,(ZHR),2979,False,0.4210526315789473,(ZHR)
8qka-assembly1,A-2,D-2,protein,ligand,protein_121,(VTK),1493,False,0.2771084337349397,(VTK)
8gm4-assembly1,A,D,protein,ligand,protein_2267,(EKI),5556,False,0.0,(EKI)
8s4h-assembly1,A,G,protein,ligand,protein_4611,(RBR),2499,False,0.1711711711711711,(RBR)
8p04-assembly1,A,B,protein,ligand,protein_3918,(WAK),1249,False,0.2345679012345679,(WAK)
8au8-assembly1,B,L,protein,ligand,protein_5810,(O8I),3290,False,0.1923076923076923,(O8I)
7zcc-assembly1,B,O,protein,ligand,protein_803,(OGA),3230,False,0.0,(OGA)
8je4-assembly1,A,D,protein,ligand,protein_3328,(PIS),2789,False,0.3,(PIS)
8bje-assembly1,A,D,protein,ligand,protein_1270,(WRL),6074,False,0.19,(WRL)
7szb-assembly1,A,E,protein,ligand,protein_3536,(DQ4),4686,False,0.0823529411764705,(DQ4)
8ajx-assembly1,A,C,protein,ligand,protein_1040,(FUM),2203,False,0.0769230769230769,(FUM)
8av1-assembly1,B,M,protein,ligand,protein_1814,(O9L),3757,False,0.2093023255813953,(O9L)
8ern-assembly1,A,C,protein,ligand,protein_220,(WQK),5547,False,0.2608695652173913,(WQK)
8cno-assembly1,A,E,protein,ligand,protein_3706,(STL),3928,False,0.1951219512195122,(STL)
7g1s-assembly1,A,D,protein,ligand,protein_3186,(WPU),5340,False,0.1627906976744186,(WPU)
7zi8-assembly1,A,C,protein,ligand,protein_3781,(J5U),2397,False,0.284313725490196,(J5U)
8fux-assembly1,A,F,protein,ligand,protein_2308,(PXV),576,False,0.1176470588235294,(PXV)
8jno-assembly1,A,D,protein,ligand,protein_3409,(E8T),2107,False,0.1573033707865168,(E8T)
7zsm-assembly1,A-2,B-2,protein,ligand,protein_871,(JU9),254,False,0.2948717948717949,(JU9)
8jnc-assembly1,A,D,protein,ligand,protein_3409,(E5I),2114,False,0.1521739130434782,(E5I)
8rtw-assembly1,A,E,protein,ligand,protein_1002,(TES),2793,False,0.3538461538461538,(TES)
8ihg-assembly1,C,G,protein,ligand,protein_3077,(2AF),5880,False,0.2,(2AF)
7fwy-assembly1,A,B,protein,ligand,protein_3186,(QBX),2662,False,0.234375,(QBX)
8r1t-assembly1,A,D,protein,ligand,protein_4437,(XIJ),341,False,0.25,(XIJ)
8bcc-assembly1,A,C,protein,ligand,protein_1227,(QAU),3130,False,0.3928571428571428,(QAU)
8uxs-assembly1,A,C,protein,ligand,protein_4676,(XU8),775,False,0.0,(XU8)
8atl-assembly1,A,C,protein,ligand,protein_5394,(O6X),1846,False,0.3846153846153846,(O6X)
8p7u-assembly1,A,E,protein,ligand,protein_3978,(X3T),4587,False,0.217391304347826,(X3T)
7zlo-assembly1,A,D,protein,ligand,protein_835,(JI0),1293,False,0.1149425287356321,(JI0)
7fu4-assembly1,A,C,protein,ligand,protein_4699,(YMO),560,False,0.2195121951219512,(YMO)
8cey-assembly1,A,D,protein,ligand,protein_5547,(UEF),1333,False,0.119047619047619,(UEF)
8grj-assembly1,B,G,protein,ligand,protein_5878,(LGC),1448,False,0.134020618556701,(LGC)
8cc4-assembly1,A,D,protein,ligand,protein_783,(U7F),403,False,0.2117647058823529,(U7F)
8c1f-assembly1,A,R,protein,ligand,protein_6382,(T2O),643,False,0.238095238095238,(T2O)
8ov7-assembly1,A,B,protein,ligand,protein_2703,(W3W),5753,False,0.2043010752688172,(W3W)
8upv-assembly1,A-2,B-2,protein,ligand,protein_6290,(X83),435,False,0.4526315789473684,(X83)
7z2o-assembly1,A,C,protein,ligand,protein_5930,(IAJ),1927,False,0.2063492063492063,(IAJ)
8b4w-assembly1,A,B,protein,ligand,protein_1171,(F05),946,False,0.1463414634146341,(F05)
7fyc-assembly1,A,D,protein,ligand,protein_3186,(VJ3),4330,False,0.3829787234042553,(VJ3)
8tov-assembly1,F,R,protein,ligand,protein_2235,(J6U),232,False,0.2397260273972602,(J6U)
7uyc-assembly1,A,E,protein,ligand,protein_4001,(OJR),2471,False,0.16,(OJR)
8shj-assembly1,A,D,protein,ligand,protein_6363,(ZI8),754,False,0.109090909090909,(ZI8)
7fzo-assembly1,A,B,protein,ligand,protein_3186,(WH3),3849,False,0.2388059701492537,(WH3)
8og8-assembly1,A,B,protein,ligand,protein_3780,(VM8),3709,False,0.0212765957446808,(VM8)
8r4o-assembly1,A,M,protein,ligand,protein_5886,(XVI),4520,False,0.2376237623762376,(XVI)
7fwo-assembly1,A,B,protein,ligand,protein_3186,(OM6),2650,False,0.2542372881355932,(OM6)
8qe2-assembly1,A,B,protein,ligand,protein_3496,(U7X),4509,False,0.1666666666666666,(U7X)
8u0q-assembly1,B,D,protein,ligand,protein_5157,(U4I),5784,False,0.3636363636363636,(U4I)
8h29-assembly1,A-2,B-2,protein,ligand,protein_2662,(2BO),2376,False,0.5,(2BO)
7fz8-assembly1,A,B,protein,ligand,protein_3186,(WEI),3838,False,0.1568627450980392,(WEI)
8bmv-assembly1,A,C,protein,ligand,protein_1287,(URC),5962,False,0.1267605633802817,(URC)
8e4z-assembly1,A,C,protein,ligand,protein_1916,(UKF),4673,False,0.3655913978494624,(UKF)
8pb2-assembly1,A,D,protein,ligand,protein_4001,(XQ5),284,False,0.2079207920792079,(XQ5)
8pyk-assembly1,A,B,protein,ligand,protein_6485,(IC2),497,False,0.3428571428571428,(IC2)
7fwb-assembly1,A,B,protein,ligand,protein_3186,(LM9),2657,False,0.217391304347826,(LM9)
8b8u-assembly1,A,D,protein,ligand,protein_1201,(T7I),365,False,0.1896551724137931,(T7I)
8p3d-assembly1,A,B,protein,ligand,protein_1269,(WS5),1978,False,0.4523809523809524,(WS5)
8r6j-assembly1,A,C,protein,ligand,protein_4466,(Y7F),520,False,0.1868131868131868,(Y7F)
7qrb-assembly1,A,G,protein,ligand,protein_2403,(EX9),1272,False,0.3703703703703703,(EX9)
7g0j-assembly1,A,D,protein,ligand,protein_3186,(WKI),5939,False,0.2941176470588235,(WKI)
8k7h-assembly1,A,G,protein,ligand,protein_6157,(VMO),4069,False,0.3111111111111111,(VMO)
8ehp-assembly1,A,C,protein,ligand,protein_1916,(WJO),2696,False,0.1648351648351648,(WJO)
8v1f-assembly1,B,O,protein,ligand,protein_537,(7R8),2350,False,0.3928571428571428,(7R8)
8eyl-assembly1,A,D,protein,ligand,protein_1566,(X5F),3014,False,0.4594594594594595,(X5F)
7fuq-assembly1,A,C,protein,ligand,protein_4699,(YUF),565,False,0.2285714285714285,(YUF)
8wkg-assembly1,A,B,protein,ligand,protein_5587,(WDB),3744,False,0.2982456140350877,(WDB)
8txe-assembly1,A,E,protein,ligand,protein_1803,(VM9),1131,False,0.2543859649122807,(VM9)
8pd6-assembly1,A,B,protein,ligand,protein_3072,(YCB),1014,False,0.057471264367816,(YCB)
8pgx-assembly1,A,D,protein,ligand,protein_4001,(YKO),5916,False,0.1935483870967742,(YKO)
8tfq-assembly1,C,E,protein,ligand,protein_613,(7V7),2082,False,0.1904761904761904,(7V7)
8aui-assembly1,A,D,protein,ligand,protein_5810,(O8R),3297,False,0.1785714285714285,(O8R)
8un5-assembly1,A,G,protein,ligand,protein_1803,(XQ6),449,False,0.2553191489361702,(XQ6)
8sbt-assembly1,A,C,protein,ligand,protein_233,(ZUY),5523,False,0.4782608695652174,(ZUY)
8ppf-assembly1,A,D,protein,ligand,protein_4104,(6II),1976,False,0.46875,(6II)
8cm2-assembly1,A,B,protein,ligand,protein_1621,(V1X),4895,False,0.484375,(V1X)
8uss-assembly1,A,B,protein,ligand,protein_5347,(XCW),5737,False,0.2123893805309734,(XCW)
8k4f-assembly1,A,N,protein,ligand,protein_3714,(FJW),3449,False,0.2247191011235955,(FJW)
7gi0-assembly1,B,Q,protein,ligand,protein_6290,(OQL),2153,False,0.4477611940298507,(OQL)
8r6k-assembly1,A,E,protein,ligand,protein_4466,(Y78),516,False,0.1969696969696969,(Y78)
8r1n-assembly1,A,C,protein,ligand,protein_4437,(XIT),331,False,0.2941176470588235,(XIT)
8im3-assembly1,A,H,protein,ligand,protein_3121,(92U),4915,False,0.2297297297297297,(92U)
7ur9-assembly1,B,D,protein,ligand,protein_6290,(O5F),4837,False,0.2625,(O5F)
7x3p-assembly1,A,B,protein,ligand,protein_349,(8VG),1216,False,0.2048192771084337,(8VG)
8k7f-assembly1,B,K,protein,ligand,protein_6157,(VMF),4073,False,0.4782608695652174,(VMF)
8out-assembly1,A,B,protein,ligand,protein_3857,(W3C),3979,False,0.2352941176470588,(W3C)
8jwz-assembly1,A,U,protein,ligand,protein_682,(U30),759,False,0.2159090909090909,(U30)
7t1d-assembly1,B,S,protein,ligand,protein_1552,(E7K),6020,False,0.2674418604651162,(E7K)
8r5b-assembly1,A,C,protein,ligand,protein_4458,(Y32),583,False,0.1285714285714285,(Y32)
7sza-assembly1,A,E,protein,ligand,protein_3536,(DUI),4685,False,0.0813953488372093,(DUI)
8h1y-assembly1,A-2,G-2,protein,ligand,protein_2662,(KPU),5609,False,0.4821428571428571,(KPU)
8bx9-assembly1,A,C,protein,ligand,protein_2418,(S59),2927,False,0.3246753246753247,(S59)
7fxk-assembly1,A,D,protein,ligand,protein_3186,(S8X),3084,False,0.1777777777777777,(S8X)
8chi-assembly1,A,C,protein,ligand,protein_4097,(UMR),5391,False,0.1666666666666666,(UMR)
8son-assembly1,A,I,protein,ligand,protein_4744,(30Y),1085,False,0.1851851851851851,(30Y)
8tr4-assembly1,A,C,protein,ligand,protein_4179,(K6C),4544,False,0.1318681318681318,(K6C)
7th4-assembly1,B,H,protein,ligand,protein_152,(FFO),2687,False,0.1407407407407407,(FFO)
7fuo-assembly1,A,C,protein,ligand,protein_4699,(YUB),573,False,0.1954022988505747,(YUB)
8j3t-assembly1,A,C,protein,ligand,protein_3232,(T1F),4656,False,0.1162790697674418,(T1F)
7fyg-assembly1,A,B,protein,ligand,protein_3186,(VVL),4343,False,0.1666666666666666,(VVL)
7fyf-assembly1,A,B,protein,ligand,protein_3186,(VS5),4341,False,0.4492753623188406,(VS5)
8gpz-assembly1,A,E,protein,ligand,protein_6006,(KC3),3583,False,0.4328358208955223,(KC3)
8p9p-assembly1,A,D,protein,ligand,protein_4001,(XB4),3647,False,0.2,(XB4)
7g10-assembly1,A,D,protein,ligand,protein_3186,(WMF),5330,False,0.2040816326530612,(WMF)
8svy-assembly1,A,H,protein,ligand,protein_2012,(WUC),1618,False,0.2323943661971831,(WUC)
7udq-assembly1,A,C,protein,ligand,protein_211,(MVS),3788,False,0.0769230769230769,(MVS)
8ohv-assembly1,A,B,protein,ligand,protein_3718,(VP5),5308,False,0.2,(VP5)
8auz-assembly1,A,D,protein,ligand,protein_1814,(O9C),3289,False,0.2716049382716049,(O9C)
8w4b-assembly1,A,B,protein,ligand,protein_5775,(STR),4937,False,0.1621621621621621,(STR)
8p9g-assembly1,A,B,protein,ligand,protein_6006,(X9K),3639,False,0.3333333333333333,(X9K)
8p9h-assembly1,A,B,protein,ligand,protein_6006,(X9C),3637,False,0.25,(X9C)
8d3i-assembly1,B,H,protein,ligand,protein_1739,(1LM),1141,False,0.0909090909090909,(1LM)
8qf9-assembly1,A,D,protein,ligand,protein_1566,(UHO),1511,False,0.4571428571428571,(UHO)
8tx0-assembly1,A,C,protein,ligand,protein_5394,(VEU),1128,False,0.2236842105263158,(VEU)
7fvy-assembly1,A,B,protein,ligand,protein_3186,(IWI),1395,False,0.2903225806451613,(IWI)
8pgj-assembly1,A,D,protein,ligand,protein_4001,(YMB),5910,False,0.2040816326530612,(YMB)
8pym-assembly1,A,B,protein,ligand,protein_6485,(IED),499,False,0.3086419753086419,(IED)
8cqi-assembly1,A,G,protein,ligand,protein_1208,(VGO),5229,False,0.1372549019607843,(VGO)
8onv-assembly1,A,F,protein,ligand,protein_1803,(VU6),5085,False,0.1653543307086614,(VU6)
7zso-assembly1,A,D,protein,ligand,protein_871,(JTC),264,False,0.2771084337349397,(JTC)
8q1a-assembly1,C-2,L-2,protein,ligand,protein_4180,(IO6),2028,False,0.2916666666666667,(IO6)
8iyb-assembly1,A,E,protein,ligand,protein_3202,(FER),3533,False,0.0192307692307692,(FER)
8c1k-assembly1,A,F,protein,ligand,protein_6382,(T5L),642,False,0.2105263157894736,(T5L)
8fbq-assembly1,A,C,protein,ligand,protein_2197,(XOQ),1820,False,0.3902439024390244,(XOQ)
7uad-assembly1,A,B,protein,ligand,protein_196,(M5R),1467,False,0.2769230769230769,(M5R)
7ful-assembly1,A,C,protein,ligand,protein_4699,(YUO),574,False,0.1764705882352941,(YUO)
8cn2-assembly1,A,G,protein,ligand,protein_6085,(V60),3926,False,0.1698113207547169,(V60)
7fwl-assembly1,A,B,protein,ligand,protein_3186,(O6Q),2654,False,0.180327868852459,(O6Q)
8fbm-assembly1,A,D,protein,ligand,protein_2197,(XOF),1818,False,0.1789473684210526,(XOF)
8c0q-assembly1,A,C,protein,ligand,protein_1566,(SWU),383,False,0.2790697674418604,(SWU)
8upq-assembly1,A,H,protein,ligand,protein_3548,(XAI),429,False,0.3684210526315789,(XAI)
7g1o-assembly1,A,B,protein,ligand,protein_3186,(WP8),5358,False,0.1884057971014492,(WP8)
8u8j-assembly1,A,B,protein,ligand,protein_5815,(WAL),4861,False,0.4444444444444444,(WAL)
8f8e-assembly1,A,C,protein,ligand,protein_3780,(XJI),4815,False,0.05,(XJI)
7qzx-assembly1,A,C,protein,ligand,protein_1566,(HIL),5642,False,0.369047619047619,(HIL)
8okg-assembly1,A,C,protein,ligand,protein_1566,(VQH),423,False,0.3076923076923077,(VQH)
8a34-assembly1,A,C,protein,ligand,protein_925,(KYI),2340,False,0.1904761904761904,(KYI)
7gnb-assembly1,A,H,protein,ligand,protein_6290,(RW0),2880,False,0.3333333333333333,(RW0)
8ckq-assembly1,A,C,protein,ligand,protein_1621,(UZX),863,False,0.4363636363636363,(UZX)
8egq-assembly1,A,C,protein,ligand,protein_2150,(WJK),5191,False,0.1142857142857142,(WJK)
8cdw-assembly1,A,C,protein,ligand,protein_3999,(UES),1099,False,0.3111111111111111,(UES)
8pg6-assembly1,A,D,protein,ligand,protein_4001,(YSX),5924,False,0.2417582417582417,(YSX)
7xek-assembly1,A-2,B-2,protein,ligand,protein_110,(9YX),1804,False,0.4838709677419355,(9YX)
8qtj-assembly1,A,E,protein,ligand,protein_6458,(WUI),2092,False,0.0285714285714285,(WUI)
8sjk-assembly1,A,F,protein,ligand,protein_1002,(CFF),4989,False,0.0681818181818181,(CFF)
7zgc-assembly1,A,B,protein,ligand,protein_540,(IUO),1469,False,0.1558441558441558,(IUO)
8p95-assembly1,A,D,protein,ligand,protein_4001,(XA9),3645,False,0.21875,(XA9)
7g00-assembly1,A,Q,protein,ligand,protein_6384,(WII),5953,False,0.1444444444444444,(WII)
7uy4-assembly1,A,D,protein,ligand,protein_271,(SMI),2476,False,0.2162162162162162,(SMI)
7fyr-assembly1,A,B,protein,ligand,protein_3186,(W9F),4344,False,0.1403508771929824,(W9F)
8hkb-assembly1,A,B,protein,ligand,protein_2817,(UB7),890,False,0.1538461538461538,(UB7)
8bce-assembly1,A,C,protein,ligand,protein_1227,(B09),3132,False,0.21875,(B09)
7ftp-assembly1,A,C,protein,ligand,protein_4699,(YQ8),844,False,0.1351351351351351,(YQ8)
7fzi-assembly1,A,C,protein,ligand,protein_3186,(WG3),3837,False,0.2758620689655172,(WG3)
8dtd-assembly1,B,E,protein,ligand,protein_1934,(PPF),4306,False,0.238095238095238,(PPF)
8oqo-assembly1,B,O,protein,ligand,protein_3796,(VXH),1338,False,0.12,(VXH)
8g35-assembly1,A,C,protein,ligand,protein_6484,(YJE),2478,False,0.4642857142857143,(YJE)
8b9e-assembly1,A,D,protein,ligand,protein_1201,(Q7F),37,False,0.3,(Q7F)
7fz3-assembly1,A,B,protein,ligand,protein_3186,(WDO),3846,False,0.1794871794871795,(WDO)
7zqr-assembly1,A,F,protein,ligand,protein_873,(JK9),5850,False,0.1363636363636363,(JK9)
8ug3-assembly1,A,C,protein,ligand,protein_3759,(WRE),2907,False,0.4459459459459459,(WRE)
8gkf-assembly1,A,J,protein,ligand,protein_4420,(D16),490,False,0.1463414634146341,(D16)
7fwe-assembly1,A,B,protein,ligand,protein_3186,(MF9),2637,False,0.3888888888888889,(MF9)
7fxn-assembly1,A,B,protein,ligand,protein_3186,(SUX),3066,False,0.391304347826087,(SUX)
8pyi-assembly1,A,I,protein,ligand,protein_6485,(IER),498,False,0.4021739130434782,(IER)
8jq4-assembly1,D,Q,protein,ligand,protein_3429,(RM4),5478,False,0.0666666666666666,(RM4)
8qk9-assembly1,A,D,protein,ligand,protein_121,(VQ9),1494,False,0.5,(VQ9)
8u2d-assembly1,A,B,protein,ligand,protein_2703,(UQX),4021,False,0.4019607843137255,(UQX)
8cjk-assembly1,A,C,protein,ligand,protein_1615,(UVU),869,False,0.1470588235294117,(UVU)
8ivu-assembly1,B,I,protein,ligand,protein_717,(SJ6),5898,False,0.3333333333333333,(SJ6)
8pgc-assembly1,A,D,protein,ligand,protein_4001,(YSB),5908,False,0.202020202020202,(YSB)
8a3a-assembly1,A,B,protein,ligand,protein_925,(KYR),2338,False,0.2909090909090909,(KYR)
8fau-assembly1,A,B,protein,ligand,protein_1566,(Y3E),1453,False,0.2571428571428571,(Y3E)
8t9v-assembly1,A,B,protein,ligand,protein_4964,(ZJT),3771,False,0.2727272727272727,(ZJT)
7fw3-assembly1,A,B,protein,ligand,protein_3186,(KL3),2647,False,0.238095238095238,(KL3)
8co7-assembly1,A,B,protein,ligand,protein_3113,(V9E),4575,False,0.423728813559322,(V9E)
8ba3-assembly1,A,B,protein,ligand,protein_1201,(Q8U),4355,False,0.2716049382716049,(Q8U)
7x6t-assembly1,A,B,protein,ligand,protein_6006,(97F),360,False,0.3417721518987341,(97F)
8txg-assembly1,A,D,protein,ligand,protein_1803,(VQT),1132,False,0.2616822429906542,(VQT)
8fv2-assembly1,A,F,protein,ligand,protein_2311,(JHL),553,False,0.3125,(JHL)
8pgr-assembly1,A,E,protein,ligand,protein_4001,(YJZ),5930,False,0.2061855670103092,(YJZ)
8eym-assembly1,B,E,protein,ligand,protein_2208,(16G),3015,False,0.0869565217391304,(16G)
7fyo-assembly1,A,B,protein,ligand,protein_3186,(W90),4347,False,0.2432432432432432,(W90)
8p9k-assembly1,A,C,protein,ligand,protein_6006,(X9U),3640,False,0.2839506172839506,(X9U)
8aem-assembly1,A,H,protein,ligand,protein_6154,(LVF),3622,False,0.2692307692307692,(LVF)
8c1e-assembly1,A,B,protein,ligand,protein_6382,(T0X),649,False,0.2352941176470588,(T0X)
7fw1-assembly1,A,D,protein,ligand,protein_3186,(K7C),2659,False,0.2650602409638554,(K7C)
7fz0-assembly1,A,E,protein,ligand,protein_3186,(WBR),3836,False,0.3538461538461538,(WBR)
8bc8-assembly1,A,C,protein,ligand,protein_1227,(QB6),3133,False,0.5,(QB6)
8qtk-assembly1,A,E,protein,ligand,protein_6458,(WX9),2099,False,0.0285714285714285,(WX9)
8qa8-assembly1,A,L,protein,ligand,protein_4238,(CTP),624,False,0.0,(CTP)
8p9t-assembly1,A,D,protein,ligand,protein_4001,(XCQ),3646,False,0.1818181818181818,(XCQ)
8f7v-assembly1,A,C,protein,ligand,protein_198,(EUA),5999,False,0.1538461538461538,(EUA)
8txh-assembly1,A,E,protein,ligand,protein_1803,(VR5),1134,False,0.2148760330578512,(VR5)
7fwr-assembly1,A,B,protein,ligand,protein_3186,(P6X),2658,False,0.2096774193548387,(P6X)
8f7u-assembly1,A,C,protein,ligand,protein_198,(GGI),6005,False,0.1487603305785124,(GGI)
8okp-assembly1,A,C,protein,ligand,protein_1566,(VQW),3820,False,0.2987012987012987,(VQW)
8rak-assembly1,A,D,protein,ligand,protein_3714,(YMH),2694,False,0.4084507042253521,(YMH)
8c72-assembly1,A,D,protein,ligand,protein_1502,(TW0),4927,False,0.2857142857142857,(TW0)
7fxr-assembly1,A,B,protein,ligand,protein_3186,(TQO),3099,False,0.2307692307692307,(TQO)
8p08-assembly1,A,B,protein,ligand,protein_3918,(WAZ),1243,False,0.2298850574712643,(WAZ)
7fxf-assembly1,A,B,protein,ligand,protein_3186,(R9O),3093,False,0.2545454545454545,(R9O)
8jbo-assembly1,A,C,protein,ligand,protein_4436,(IFM),1852,False,0.4285714285714285,(IFM)
8ime-assembly1,B,E,protein,ligand,protein_4699,(0XE),4911,False,0.1927710843373494,(0XE)
8ppi-assembly1,A,C,protein,ligand,protein_4104,(69I),1970,False,0.4411764705882353,(69I)
8eut-assembly1,A,C,protein,ligand,protein_1916,(WV5),6036,False,0.1641791044776119,(WV5)
8ja9-assembly1,A,H,protein,ligand,protein_3297,(TY6),1897,False,0.1538461538461538,(TY6)
8agq-assembly1,A-2,C-2,protein,ligand,protein_1008,(M5O),1276,False,0.2545454545454545,(M5O)
8ai3-assembly1,A,E,protein,ligand,protein_1028,(SAM),597,False,0.0,(SAM)
8a0t-assembly1,A,C,protein,ligand,protein_925,(KLO),3118,False,0.2372881355932203,(KLO)
9bbh-assembly1,A,E,protein,ligand,protein_4302,(VVP),349,False,0.1509433962264151,(VVP)
7vro-assembly1,B,H,protein,ligand,protein_6006,(37T),2826,False,0.3829787234042553,(37T)
8y58-assembly1,A,B,protein,ligand,protein_5971,(PMZ),5821,False,0.0958904109589041,(PMZ)
8kh3-assembly1,A,B,protein,ligand,protein_2250,(VWF),668,False,0.4594594594594595,(VWF)
8usr-assembly1,B,F,protein,ligand,protein_5347,(XCE),5735,False,0.219298245614035,(XCE)
8uv0-assembly1,A,B,protein,ligand,protein_220,(XKU),4802,False,0.3103448275862069,(XKU)
7yl1-assembly1,A,B,protein,ligand,protein_670,(J6F),5986,False,0.1896551724137931,(J6F)
7fzj-assembly1,A,B,protein,ligand,protein_3186,(WGL),3828,False,0.15625,(WGL)
7zw8-assembly1,A,B,protein,ligand,protein_6026,(K3R),806,False,0.3414634146341463,(K3R)
8jfd-assembly1,A,E,protein,ligand,protein_1768,(U8Y),2271,False,0.3962264150943396,(U8Y)
8bo3-assembly1,A,B,protein,ligand,protein_537,(QV3),6043,False,0.2432432432432432,(QV3)
7u9i-assembly1,A,C,protein,ligand,protein_57,(44T),6093,False,0.4615384615384615,(44T)
7fug-assembly1,A,D,protein,ligand,protein_4699,(YP8),552,False,0.2127659574468085,(YP8)
7fxq-assembly1,A,B,protein,ligand,protein_3186,(TK6),3069,False,0.275,(TK6)
8ous-assembly1,A,B,protein,ligand,protein_3857,(W3I),3975,False,0.2777777777777778,(W3I)
8wdq-assembly1,B,M,protein,ligand,protein_5654,(IPD),2291,False,0.1304347826086956,(IPD)
7eka-assembly1,A,B,protein,ligand,protein_10,(EGT),3760,False,0.1489361702127659,(EGT)
8flv-assembly1,A,B,protein,ligand,protein_2703,(ZB9),2464,False,0.2941176470588235,(ZB9)
8p92-assembly1,A,D,protein,ligand,protein_4001,(XB0),3636,False,0.2325581395348837,(XB0)
8pg9-assembly1,A,D,protein,ligand,protein_4001,(YV8),5922,False,0.2083333333333333,(YV8)
8fny-assembly1,A,F,protein,ligand,protein_2267,(ADP),5544,False,0.0,(ADP)
