pdb_id,interface_chain_id_1,interface_chain_id_2,interface_chain_type_1,interface_chain_type_2
8tuz-assembly1,A,C,protein,protein
8tuz-assembly1,B,C,protein,protein
7xld-assembly1,A,B,protein,protein
8xnh-assembly1,A,F,protein,protein
8bf4-assembly1,A,B,protein,protein
8up2-assembly1,A,C,protein,protein
8up2-assembly1,B,C,protein,protein
8pyr-assembly1,A,D,protein,protein
8pyr-assembly1,C,D,protein,protein
8pih-assembly1,A,B,protein,protein
8fdo-assembly1,A,C,protein,protein
8fdd-assembly1,A,C,protein,protein
8fdd-assembly1,B,C,protein,protein
7x8p-assembly1,A,C,protein,protein
7x8p-assembly1,A,B,protein,protein
8h63-assembly1,A,B,protein,protein
8ux6-assembly1,A,F,protein,protein
8ux6-assembly1,D,F,protein,protein
8w90-assembly1,A,B,protein,protein
8e0e-assembly1,A,B,protein,protein
8hxq-assembly1,A,B,protein,protein
8ido-assembly1,A,D,protein,protein
8be1-assembly1,A,C,protein,protein
7txw-assembly1,A,C,protein,protein
7txw-assembly1,B,C,protein,protein
8ahn-assembly1,A,B,protein,protein
8ahn-assembly1,A,C,protein,protein
7yv1-assembly1,A,B,protein,protein
7yv1-assembly1,A,C,protein,protein
8a44-assembly1,A,C,protein,protein
8a44-assembly1,A,D,protein,protein
8tmz-assembly1,A,C,protein,protein
8tmz-assembly1,B,C,protein,protein
8fas-assembly1,A,C,protein,protein
8fas-assembly1,B,C,protein,protein
7ua2-assembly1,A,C,protein,protein
8qf4-assembly1,A,B,protein,protein
8gye-assembly1,A,E,protein,protein
8gye-assembly1,A,F,protein,protein
8gy5-assembly1,B,C,protein,protein
9g2g-assembly1,A,C,protein,protein
8g4p-assembly1,A,E,protein,protein
8g4p-assembly1,B,E,protein,protein
8fbw-assembly1,A,C,protein,protein
8fbw-assembly1,B,C,protein,protein
8ath-assembly1,A,E,protein,protein
8ath-assembly1,A,F,protein,protein
9jbq-assembly1,A,C,protein,protein
8pmz-assembly1,A,B,protein,protein
7z2m-assembly1,A,J,protein,protein
8f60-assembly1,A,C,protein,protein
8f60-assembly1,B,C,protein,protein
8evd-assembly1,A,C,protein,protein
7st5-assembly1,B,F,protein,protein
8byu-assembly1,A,C,protein,protein
8byu-assembly1,B,C,protein,protein
8d9z-assembly1,A,C,protein,protein
8d9z-assembly1,B,C,protein,protein
9fww-assembly1,A,B,protein,protein
8vzo-assembly1,A,B,protein,protein
8vzo-assembly1,A,C,protein,protein
8the-assembly1,A,B,protein,protein
8sgn-assembly1,B,C,protein,protein
8sgn-assembly1,A,C,protein,protein
8jyr-assembly1,A,B,protein,protein
8jyr-assembly1,A,C,protein,protein
8jeo-assembly1,A,B,protein,protein
8jeo-assembly1,A,C,protein,protein
7yxu-assembly1,A,B,protein,protein
7yxu-assembly1,A,C,protein,protein
8yxi-assembly1,A,C,protein,protein
8yxi-assembly1,B,C,protein,protein
8fxv-assembly1,A,B,protein,protein
8vvl-assembly1,A,B,protein,protein
8vvl-assembly1,A,C,protein,protein
8vui-assembly1,B,C,protein,protein
8be3-assembly1,A,B,protein,protein
8be2-assembly1,A,B,protein,protein
9en2-assembly1,A,C,protein,protein
8en5-assembly1,A,C,protein,protein
9au1-assembly1,C,E,protein,protein
8weo-assembly1,A,B,protein,protein
8q7o-assembly1,A,C,protein,protein
7ucx-assembly1,A,B,protein,protein
7ucx-assembly1,A,C,protein,protein
8j7t-assembly1,A,B,protein,protein
8j7t-assembly1,A,C,protein,protein
8vyl-assembly1,A,F,protein,protein
8vyl-assembly1,C,F,protein,protein
7zau-assembly1,A,B,protein,protein
8c3l-assembly1,A,B,protein,protein
8sfz-assembly1,A,D,protein,protein
8slb-assembly1,A,B,protein,protein
8slb-assembly1,A,C,protein,protein
8av2-assembly1,A,C,protein,protein
8oxw-assembly1,A,B,protein,protein
8oxw-assembly1,A,C,protein,protein
8oxx-assembly1,A,B,protein,protein
8oxx-assembly1,A,C,protein,protein
8q6r-assembly1,A,D,protein,protein
8udz-assembly1,A,C,protein,protein
8udz-assembly1,A,D,protein,protein
8w84-assembly1,A,C,protein,protein
8oud-assembly1,A,D,protein,protein
8zp2-assembly1,A,B,protein,protein
8s0l-assembly1,A,B,protein,protein
8a67-assembly1,A,D,protein,protein
7yds-assembly1,A,C,protein,protein
8rp8-assembly1,A,C,protein,protein
8rp8-assembly1,B,C,protein,protein
8b1a-assembly1,A,B,protein,protein
8z8v-assembly1,A,B,protein,protein
8dtn-assembly1,A,B,protein,protein
8fym-assembly1,A,C,protein,protein
8r4u-assembly1,A,B,protein,protein
8trs-assembly1,A,C,protein,protein
8trs-assembly1,B,C,protein,protein
7z1x-assembly1,A,B,protein,protein
8gho-assembly1,A,C,protein,protein
7uvs-assembly1,A,C,protein,protein
7uvs-assembly1,B,C,protein,protein
8urf-assembly1,A,C,protein,protein
8urf-assembly1,B,C,protein,protein
8dn7-assembly1,A,C,protein,protein
8dn7-assembly1,A,F,protein,protein
8aon-assembly1,A,C,protein,protein
8aok-assembly1,A,B,protein,protein
8aom-assembly1,A,B,protein,protein
8im0-assembly1,A,B-2,protein,protein
8opr-assembly1,A,B,protein,protein
8h3x-assembly1,A,B,protein,protein
8oni-assembly1,A,F,protein,protein
8oni-assembly1,B,F,protein,protein
8oni-assembly1,B,E,protein,protein
8oni-assembly1,A,E,protein,protein
8ts0-assembly1,A,C,protein,protein
8ts0-assembly1,B,C,protein,protein
8b7h-assembly1,A,C,protein,protein
8b7h-assembly1,B,C,protein,protein
8acf-assembly1,A,B,protein,protein
8acf-assembly1,A,D,protein,protein
8t59-assembly1,A,E,protein,protein
8t59-assembly1,B,E,protein,protein
8v52-assembly1,A,E,protein,protein
8v52-assembly1,A,F,protein,protein
8che-assembly1,A,E,protein,protein
8che-assembly1,B,E,protein,protein
8w84-assembly1,A,D,protein,protein
8w84-assembly1,B,C,protein,protein
8w84-assembly1,B,D,protein,protein
8uky-assembly1,A,C,protein,protein
8uky-assembly1,B,C,protein,protein
8dcm-assembly1,A,C,protein,protein
8dcm-assembly1,B,C,protein,protein
8pn0-assembly1,A,E,protein,protein
8pn0-assembly1,B,E,protein,protein
8tft-assembly1,A,C,protein,protein
8tft-assembly1,B,C,protein,protein
8qz3-assembly1,A,C,protein,protein
8duz-assembly1,A,F,protein,protein
7zoz-assembly1,A,B,protein,protein
7zoz-assembly1,A,C,protein,protein
8f5i-assembly1,A,E,protein,protein
8f5i-assembly1,A,F,protein,protein
8f5n-assembly1,A,B,protein,protein
8f5n-assembly1,A,C,protein,protein
8ivx-assembly1,A,B,protein,protein
8ivx-assembly1,A,C,protein,protein
8et0-assembly1,A,C,protein,protein
8q3j-assembly1,A,B,protein,protein
8q3j-assembly1,A,C,protein,protein
8c5h-assembly1,A,B,protein,protein
