pdb_id,native_chain_id_1,native_chain_id_2,native_chain_type_1,native_chain_type_2,ligand_id
7yf2-assembly1,B-2,F-2,protein,ligand,(SAH)
7v36-assembly1,A,C,protein,ligand,(AKG)
8x3q-assembly1,D-2,L-2,protein,ligand,(UDP)
9enh-assembly1,B,O,protein,ligand,(FAD)
8uou-assembly1,A-2,C-2,protein,ligand,(ASP)
8rcw-assembly1,A,C,protein,ligand,(YQF)
7vf6-assembly1,A,E,protein,ligand,(GDP)
8yl9-assembly1,A,G,protein,ligand,(PPV)
8t8z-assembly1,A,B,protein,ligand,(ADP)
8ic7-assembly1,A,N,protein,ligand,(BXX)
8s9m-assembly1,A,B,protein,ligand,(SFG)
7x4q-assembly1,A,C,protein,ligand,(UTP)
8fmh-assembly1,A,I,protein,ligand,(4UR)
8onn-assembly1,A,F,protein,ligand,(OCF)
8ay0-assembly1,A,D,protein,ligand,(MHI)
7x4t-assembly1,B,J,protein,ligand,(2KH)
8aga-assembly1,A,C,protein,ligand,(PHB)
8tx9-assembly1,B,K,protein,ligand,(BMX)
8smf-assembly1,B,I,protein,ligand,(OJC)
8jdg-assembly1,A,C,protein,ligand,(UCU)
8k3b-assembly1,A,B,protein,ligand,(ELE)
7zdy-assembly1,A,E,protein,ligand,(6MJ)
8onm-assembly1,A,F,protein,ligand,(PMP)
8jdx-assembly1,A,D,protein,ligand,(KIV)
8vcw-assembly1,A,F,protein,ligand,(DTB)
8pb4-assembly1,A,C,protein,ligand,(XP6)
8upi-assembly1,A,D,protein,ligand,(SET)
9jff-assembly1,A,E,protein,ligand,(33P)
8wev-assembly1,A-2,C-2,protein,ligand,(AMP)
8rpj-assembly1,A,J,protein,ligand,(TPP)
8ii8-assembly1,A,C,protein,ligand,(PW6)
8dmt-assembly1,A,E,protein,ligand,(AR6)
8tfo-assembly1,A,C,protein,ligand,(MEV)
8y9p-assembly1,A,C,protein,ligand,(A3P)
8kbg-assembly1,A,H,protein,ligand,(1SY)
8jv2-assembly1,A,B,protein,ligand,(PRO)
8k1x-assembly1,A,E,protein,ligand,(VI4)
7v36-assembly1,A,B,protein,ligand,(5P0)
8ok4-assembly1,A-2,C-2,protein,ligand,(GLC)
8qch-assembly1,A,I,protein,ligand,(EIF)
8yik-assembly1,A,B,protein,ligand,(ATP)
8fmg-assembly1,C,V,protein,ligand,(Y4F)
7wvs-assembly1,A,C,protein,ligand,(SAM)
7zon-assembly1,A,E,protein,ligand,(BGC)
8jjt-assembly1,A,D,protein,ligand,(UD1)
8bsa-assembly1,A,C,protein,ligand,(DAR)
8jdr-assembly1,A,C,protein,ligand,(UEI)
8h5a-assembly1,B,W,protein,ligand,(7DV)
8qjm-assembly1,A,C,protein,ligand,(C5P)
8tnb-assembly1,B,E,protein,ligand,(IQM)
8jik-assembly1,A-2,B-2,protein,ligand,(PLP)
8zvh-assembly1,A,D,protein,ligand,(PHE)
8q8i-assembly1,A,J,protein,ligand,(O5R)
8ixq-assembly1,B,E,protein,ligand,(LW8)
8wbt-assembly1,B,J,protein,ligand,(TLA)
8ji7-assembly1,B,I,protein,ligand,(TRP)
8avq-assembly1,A,H,protein,ligand,(UDX)
8ork-assembly1,A,B,protein,ligand,(MPO)
8te9-assembly1,A,C,protein,ligand,(8X3)
8hwi-assembly1,B,G,protein,ligand,(C2E)
8jv3-assembly1,A,B,protein,ligand,(BET)
8ye0-assembly1,A,E,protein,ligand,(PIS)
8j5h-assembly1,A,B,protein,ligand,(TV0)
8xfa-assembly1,A,B,protein,ligand,(6L0)
8wni-assembly1,A,C,protein,ligand,(VAL)
8sx2-assembly1,A,C,protein,ligand,(UHB)
8bo1-assembly1,B,I,protein,ligand,(3AT)
7xjv-assembly1,A,F,protein,ligand,(GDD)
8dvw-assembly1,A,B,protein,ligand,(UD2)
9b1v-assembly1,A,E,protein,ligand,(PQQ)
7v2t-assembly1,A,G,protein,ligand,(5UQ)
8oru-assembly1,A,H,protein,ligand,(DG2)
8jv1-assembly1,A,B,protein,ligand,(ABU)
8k5j-assembly1,A,C,protein,ligand,(AVJ)
8x6q-assembly1,A,E,protein,ligand,(Y8R)
8jkk-assembly1,A,N,protein,ligand,(OGA)
8p0m-assembly1,A,G,protein,ligand,(WCF)
8jny-assembly1,A,C,protein,ligand,(ERV)
8bn5-assembly1,A,F,protein,ligand,(ABU)
8pgt-assembly1,A,D,protein,ligand,(YKZ)
7g1g-assembly1,A,B,protein,ligand,(WO0)
8rhe-assembly1,A,C,protein,ligand,(BLG)
8wch-assembly1,A,C,protein,ligand,(PCA)
8i61-assembly1,A,B,protein,ligand,(BR8)
8pgk-assembly1,A,D,protein,ligand,(YVH)
8otp-assembly1,A,D,protein,ligand,(VZW)
8r0i-assembly1,A,D,protein,ligand,(XG7)
8pgm-assembly1,A,D,protein,ligand,(YU0)
8aeb-assembly1,A-2,C-2,protein,ligand,(35J)
8cdq-assembly1,A,N,protein,ligand,(KQ0)
8e5n-assembly1,B,L,protein,ligand,(UL0)
7uyb-assembly1,A,D,protein,ligand,(OK0)
8k4f-assembly1,A,E,protein,ligand,(OG6)
7g14-assembly1,A,C,protein,ligand,(Q1I)
8dje-assembly1,A,C,protein,ligand,(U6S)
8g9v-assembly1,B,O,protein,ligand,(YYC)
8azc-assembly1,A,C,protein,ligand,(MPO)
9aul-assembly1,A-2,B-2,protein,ligand,(4WI)
7r59-assembly1,A,C,protein,ligand,(I5F)
8tc9-assembly1,D,JA,protein,ligand,(ZTE)
8iau-assembly1,A,I,protein,ligand,(FBP)
8bic-assembly1,A,C,protein,ligand,(SAH)
8qqa-assembly1,A,E,protein,ligand,(B1T)
8g7h-assembly1,B,J,protein,ligand,(YRQ)
8erd-assembly1,A,B,protein,ligand,(WQ6)
8auh-assembly1,A,D,protein,ligand,(L9I)
8ogc-assembly1,A,G,protein,ligand,(VMZ)
8hyb-assembly1,A,G,protein,ligand,(5ZX)
7fwm-assembly1,A,B,protein,ligand,(O9U)
7fx6-assembly1,A,B,protein,ligand,(QJX)
8sio-assembly1,A,C,protein,ligand,(GXF)
8g6p-assembly1,A,J,protein,ligand,(API)
8br6-assembly1,A,C,protein,ligand,(R6I)
8rqh-assembly1,A,C,protein,ligand,(FAD)
8w9i-assembly1,A,C,protein,ligand,(W2H)
8r5t-assembly1,A,C,protein,ligand,(Y4E)
8h0m-assembly1,A,F,protein,ligand,(2EH)
8p9q-assembly1,A,D,protein,ligand,(XC6)
8w8h-assembly1,A,E,protein,ligand,(ILE)
8chl-assembly1,A,C,protein,ligand,(USV)
8qe0-assembly1,A-2,B,protein,ligand,(U8R)
7g0h-assembly1,A,B,protein,ligand,(W8T)
8u8k-assembly1,A,B,protein,ligand,(W8U)
8clw-assembly1,A,C,protein,ligand,(UZ3)
8khq-assembly1,A,G,protein,ligand,(CYS)
8eud-assembly1,A,C,protein,ligand,(WUR)
8vg8-assembly1,A-3,B-3,protein,ligand,(7L9)
8p5i-assembly1,A,E,protein,ligand,(WYX)
7g1u-assembly1,A,E,protein,ligand,(WQ3)
7yl2-assembly1,A,B,protein,ligand,(JCO)
7fxw-assembly1,A,B,protein,ligand,(UB8)
8xw7-assembly1,A,H,protein,ligand,(ADP)
8jvl-assembly1,A,B,protein,ligand,(V5L)
8eym-assembly1,B,F,protein,ligand,(AGP)
7zi6-assembly1,A,C,protein,ligand,(JAQ)
7gnc-assembly1,A,J,protein,ligand,(RW9)
8pqg-assembly1,A,C,protein,ligand,(9JI)
7tuo-assembly1,A,C,protein,ligand,(KL9)
8hay-assembly1,A,E,protein,ligand,(KYL)
8dmr-assembly1,A,B,protein,ligand,(AR6)
8cex-assembly1,A,D,protein,ligand,(UG0)
7zl5-assembly1,A,E,protein,ligand,(IWE)
8gfc-assembly1,A,B,protein,ligand,(ZI2)
8u37-assembly1,A,B,protein,ligand,(V5U)
8bpv-assembly1,A,B,protein,ligand,(6T3)
8c1g-assembly1,A,B,protein,ligand,(T3I)
8agp-assembly1,A,D,protein,ligand,(M1U)
8gl9-assembly1,B,N,protein,ligand,(ZQW)
7g0v-assembly1,A,B,protein,ligand,(WLR)
7fvw-assembly1,A,B,protein,ligand,(IQH)
8k5q-assembly1,A,C,protein,ligand,(C2E)
8t0t-assembly1,A-3,C-3,protein,ligand,(Y6E)
8uuf-assembly1,A,B,protein,ligand,(XWO)
8cbt-assembly1,B,E,protein,ligand,(W2Q)
8hx9-assembly1,A,C,protein,ligand,(TRP)
7zib-assembly1,A-2,C-2,protein,ligand,(J7I)
8q0t-assembly1,A,C,protein,ligand,(IJJ)
8bzx-assembly1,B,E,protein,ligand,(SW6)
8ax3-assembly1,B,YA,protein,ligand,(OD0)
8zly-assembly1,A,L,protein,ligand,(UDP)
7r3z-assembly1,A,E,protein,ligand,(I1Q)
8uob-assembly1,A,B,protein,ligand,(XB5)
8ex2-assembly1,A,B,protein,ligand,(Q2Q)
8fgq-assembly1,B,P,protein,ligand,(V80)
8xw8-assembly1,A-2,I-2,protein,ligand,(GDP)
8b96-assembly1,A,B,protein,ligand,(Q2F)
8oo5-assembly1,A,B,protein,ligand,(VUF)
8ak6-assembly1,A,E,protein,ligand,(08D)
8atn-assembly1,A,C,protein,ligand,(O06)
8q34-assembly1,A,F,protein,ligand,(IX4)
8g7f-assembly1,B,H,protein,ligand,(1JJ)
8v2f-assembly1,A,E,protein,ligand,(YJU)
8co3-assembly1,A,F,protein,ligand,(V8O)
7fyv-assembly1,A,B,protein,ligand,(W9Q)
8okj-assembly1,A,C,protein,ligand,(VRI)
7uya-assembly1,A,D,protein,ligand,(OKC)
8qe1-assembly1,A,B-2,protein,ligand,(U8E)
7fzn-assembly1,A,B,protein,ligand,(WHB)
8qhq-assembly1,B,I,protein,ligand,(5HU)
8pge-assembly1,A,D,protein,ligand,(YU8)
8jfb-assembly1,A,C,protein,ligand,(U86)
8ph3-assembly1,A,D,protein,ligand,(YQR)
7gh3-assembly1,A,E,protein,ligand,(Q1C)
8chm-assembly1,A,B,protein,ligand,(UT6)
7fyk-assembly1,A,B,protein,ligand,(W8C)
7z63-assembly1,C,J,protein,ligand,(IE3)
8qdy-assembly1,A-2,B,protein,ligand,(U74)
8un3-assembly1,A,E,protein,ligand,(XOI)
8sqg-assembly1,A,D,protein,ligand,(X6Q)
8olf-assembly1,A,C,protein,ligand,(VS9)
8ezv-assembly1,A-2,B-2,protein,ligand,(X6O)
8hut-assembly1,A,C,protein,ligand,(7YY)
8oua-assembly1,A,E,protein,ligand,(W0Z)
8ouv-assembly1,A,C,protein,ligand,(W3R)
7zia-assembly1,A-2,C-2,protein,ligand,(J29)
8ea8-assembly1,A,F,protein,ligand,(VML)
8fbu-assembly1,A,D,protein,ligand,(XOL)
7fwf-assembly1,A,D,protein,ligand,(MQF)
8izc-assembly1,A,F,protein,ligand,(S93)
7g0i-assembly1,A,E,protein,ligand,(TXO)
8ohu-assembly1,A,B,protein,ligand,(SJ5)
8w8j-assembly1,A,C,protein,ligand,(W1Q)
8ff8-assembly1,A,C,protein,ligand,(XV0)
8skl-assembly1,A,E,protein,ligand,(V2O)
8biq-assembly1,A,E,protein,ligand,(AMP)
8p3n-assembly1,A,C,protein,ligand,(ADZ)
8rzk-assembly1,B,M,protein,ligand,(TLA)
8bdn-assembly1,C,M,protein,ligand,(QFR)
8g3w-assembly1,A,G,protein,ligand,(YKX)
7vrk-assembly1,B,G,protein,ligand,(TEP)
8orc-assembly1,B,J,protein,ligand,(VY8)
8p3r-assembly1,B,D,protein,ligand,(WUT)
8p8k-assembly1,B,D,protein,ligand,(X7C)
8c3g-assembly1,A,E,protein,ligand,(QS0)
8oke-assembly1,A,C,protein,ligand,(VQC)
8vr7-assembly1,A,G,protein,ligand,(ACO)
8qbc-assembly1,A,E,protein,ligand,(GEE)
8uc2-assembly1,A,B,protein,ligand,(BEZ)
8omj-assembly1,B,C,protein,ligand,(VTM)
8qhg-assembly1,A,B,protein,ligand,(V8I)
8try-assembly1,A,D,protein,ligand,(QU0)
8gfl-assembly1,A,B,protein,ligand,(ZIE)
7gnr-assembly1,B,S,protein,ligand,(RZU)
8bro-assembly1,A-3,B-2,protein,ligand,(R7E)
8qyr-assembly1,A,B,protein,ligand,(XB2)
8ojp-assembly1,B,E,protein,ligand,(VPZ)
8r5v-assembly1,A,D,protein,ligand,(TF4)
8fo5-assembly1,A,E,protein,ligand,(Y4U)
8oqr-assembly1,A,O,protein,ligand,(VWT)
8gsj-assembly1,A,F,protein,ligand,(GJZ)
7fwz-assembly1,A,D,protein,ligand,(QD3)
8jab-assembly1,A,B,protein,ligand,(U0X)
8cgc-assembly1,A,D,protein,ligand,(UIK)
9boo-assembly1,A-2,B-2,protein,ligand,(YDL)
8r1p-assembly1,A,C,protein,ligand,(XIP)
8pgz-assembly1,A,D,protein,ligand,(YQW)
7g13-assembly1,A,B,protein,ligand,(WJH)
7zls-assembly1,A,N,protein,ligand,(JH9)
8c14-assembly1,A,Y,protein,ligand,(T0L)
8fln-assembly1,A,B,protein,ligand,(Y7W)
8xf7-assembly1,A,B,protein,ligand,(6L0)
8cbu-assembly1,D,M,protein,ligand,(U60)
8hy1-assembly1,A,E,protein,ligand,(5ZU)
8wbv-assembly1,A,C,protein,ligand,(BMA)
8q3u-assembly1,A,C,protein,ligand,(J8I)
7fz1-assembly1,A,B,protein,ligand,(WDE)
8h1q-assembly1,A-2,B-2,protein,ligand,(PLS)
8qk2-assembly1,A-2,D-2,protein,ligand,(VTF)
8qez-assembly1,A,M,protein,ligand,(UF5)
8gmd-assembly1,A,C,protein,ligand,(ZRR)
7g1v-assembly1,A,D,protein,ligand,(WQ8)
8riy-assembly1,B,C,protein,ligand,(W0O)
7fxh-assembly1,A,B,protein,ligand,(RI4)
7fxb-assembly1,A,D,protein,ligand,(QZI)
7vsf-assembly1,A,D,protein,ligand,(7UM)
8bca-assembly1,A,C,protein,ligand,(Q96)
8gfe-assembly1,A,B,protein,ligand,(ZH8)
8pgl-assembly1,A,D,protein,ligand,(YK5)
8chj-assembly1,A,E,protein,ligand,(UQI)
8fe5-assembly1,A,E,protein,ligand,(XTT)
8f8k-assembly1,A-2,F-2,protein,ligand,(IPE)
8di4-assembly1,A,E,protein,ligand,(S9I)
8jyg-assembly1,A,C,protein,ligand,(V8R)
7prw-assembly1,A,I,protein,ligand,(82H)
8igx-assembly1,A-2,B-2,protein,ligand,(PQL)
8i6a-assembly1,A,B,protein,ligand,(ORO)
8hf8-assembly1,A,C,protein,ligand,(LOO)
7fti-assembly1,A,C,protein,ligand,(YMI)
7uet-assembly1,A,B,protein,ligand,(MXW)
8i71-assembly1,A,L,protein,ligand,(OTI)
8bo7-assembly1,A,B,protein,ligand,(QW6)
8e7r-assembly1,A,J,protein,ligand,(PAE)
7fu2-assembly1,A,C,protein,ligand,(YM9)
7fzl-assembly1,A,B,protein,ligand,(WGQ)
8g4a-assembly1,B,C,protein,ligand,(YL8)
7zi3-assembly1,A-2,B-2,protein,ligand,(J98)
8id0-assembly1,A,B,protein,ligand,(7P6)
7typ-assembly1,A,D,protein,ligand,(KUR)
8tbs-assembly1,D,V,protein,ligand,(HVI)
8bm2-assembly1,A,C,protein,ligand,(QQC)
7g02-assembly1,A,B,protein,ligand,(WIL)
8qe3-assembly1,A-2,B-2,protein,ligand,(U96)
8uoi-assembly1,A,B,protein,ligand,(X3Q)
7g0k-assembly1,A,D,protein,ligand,(UOF)
7fwp-assembly1,A,B,protein,ligand,(OT9)
7fum-assembly1,A,C,protein,ligand,(YU6)
8sv9-assembly1,A,C,protein,ligand,(WXH)
8v3k-assembly1,A,F,protein,ligand,(DPO)
7yha-assembly1,A,H,protein,ligand,(ITK)
8r11-assembly1,B,H,protein,ligand,(XI0)
8cnh-assembly1,A,B,protein,ligand,(V6U)
8wlb-assembly1,A,B,protein,ligand,(WEB)
8bdj-assembly1,C,M,protein,ligand,(QE0)
8tab-assembly1,A,E,protein,ligand,(U4T)
7oyp-assembly1,A,C,protein,ligand,(3I4)
8hy3-assembly1,A,C,protein,ligand,(4Q8)
8oyq-assembly1,A,C,protein,ligand,(W6T)
8cgc-assembly1,A,B,protein,ligand,(LMR)
8oko-assembly1,A,C,protein,ligand,(VR3)
8bit-assembly1,A,C,protein,ligand,(6R9)
8h6p-assembly1,A,C,protein,ligand,(WZU)
8ojo-assembly1,A,F,protein,ligand,(YIO)
8c3r-assembly1,A,C,protein,ligand,(R7O)
7fy5-assembly1,A,B,protein,ligand,(V4R)
7fwu-assembly1,A,B,protein,ligand,(Q0O)
8pa5-assembly1,A,D,protein,ligand,(XMZ)
8qtg-assembly1,A,B,protein,ligand,(WUQ)
7fub-assembly1,A,C,protein,ligand,(YQ3)
8abo-assembly1,A,B,protein,ligand,(231)
8p9s-assembly1,A,D,protein,ligand,(XCB)
8dbb-assembly1,C,G,protein,ligand,(R3K)
8gfh-assembly1,A,C,protein,ligand,(ZIA)
7fvu-assembly1,A,D,protein,ligand,(GFS)
8w8l-assembly1,B,R,protein,ligand,(W20)
8ph1-assembly1,A,D,protein,ligand,(YMF)
8c3u-assembly1,A,C,protein,ligand,(T9C)
8pgg-assembly1,A,D,protein,ligand,(YU3)
8bjl-assembly1,A,C,protein,ligand,(QXO)
7zsq-assembly1,B,G,protein,ligand,(JTO)
8fx3-assembly1,A,C,protein,ligand,(IMU)
8g7g-assembly1,B,G,protein,ligand,(YS8)
8pfi-assembly1,B,P,protein,ligand,(YHG)
8h7m-assembly1,A,C,protein,ligand,(WYS)
7zi9-assembly1,A,C,protein,ligand,(J6M)
8qrt-assembly1,A,E,protein,ligand,(WP2)
8tbu-assembly1,D,T,protein,ligand,(I0R)
8kht-assembly1,B,F,protein,ligand,(VY9)
5sng-assembly1,A,C,protein,ligand,(UV7)
8gfd-assembly1,A,B,protein,ligand,(ZHR)
8qka-assembly1,A-2,D-2,protein,ligand,(VTK)
8gm4-assembly1,A,D,protein,ligand,(EKI)
8s4h-assembly1,A,G,protein,ligand,(RBR)
8p04-assembly1,A,B,protein,ligand,(WAK)
8au8-assembly1,B,L,protein,ligand,(O8I)
7zcc-assembly1,B,O,protein,ligand,(OGA)
8je4-assembly1,A,D,protein,ligand,(PIS)
8bje-assembly1,A,D,protein,ligand,(WRL)
7szb-assembly1,A,E,protein,ligand,(DQ4)
8ajx-assembly1,A,C,protein,ligand,(FUM)
8av1-assembly1,B,M,protein,ligand,(O9L)
8ern-assembly1,A,C,protein,ligand,(WQK)
8cno-assembly1,A,E,protein,ligand,(STL)
7g1s-assembly1,A,D,protein,ligand,(WPU)
7zi8-assembly1,A,C,protein,ligand,(J5U)
8fux-assembly1,A,F,protein,ligand,(PXV)
8jno-assembly1,A,D,protein,ligand,(E8T)
7zsm-assembly1,A-2,B-2,protein,ligand,(JU9)
8jnc-assembly1,A,D,protein,ligand,(E5I)
8rtw-assembly1,A,E,protein,ligand,(TES)
8ihg-assembly1,C,G,protein,ligand,(2AF)
7fwy-assembly1,A,B,protein,ligand,(QBX)
8r1t-assembly1,A,D,protein,ligand,(XIJ)
8bcc-assembly1,A,C,protein,ligand,(QAU)
8uxs-assembly1,A,C,protein,ligand,(XU8)
8atl-assembly1,A,C,protein,ligand,(O6X)
8p7u-assembly1,A,E,protein,ligand,(X3T)
7zlo-assembly1,A,D,protein,ligand,(JI0)
7fu4-assembly1,A,C,protein,ligand,(YMO)
8cey-assembly1,A,D,protein,ligand,(UEF)
8grj-assembly1,B,G,protein,ligand,(LGC)
8cc4-assembly1,A,D,protein,ligand,(U7F)
8c1f-assembly1,A,R,protein,ligand,(T2O)
8ov7-assembly1,A,B,protein,ligand,(W3W)
8upv-assembly1,A-2,B-2,protein,ligand,(X83)
7z2o-assembly1,A,C,protein,ligand,(IAJ)
8b4w-assembly1,A,B,protein,ligand,(F05)
7fyc-assembly1,A,D,protein,ligand,(VJ3)
8tov-assembly1,F,R,protein,ligand,(J6U)
7uyc-assembly1,A,E,protein,ligand,(OJR)
8shj-assembly1,A,D,protein,ligand,(ZI8)
7fzo-assembly1,A,B,protein,ligand,(WH3)
8og8-assembly1,A,B,protein,ligand,(VM8)
8r4o-assembly1,A,M,protein,ligand,(XVI)
7fwo-assembly1,A,B,protein,ligand,(OM6)
8qe2-assembly1,A,B,protein,ligand,(U7X)
8u0q-assembly1,B,D,protein,ligand,(U4I)
8h29-assembly1,A-2,B-2,protein,ligand,(2BO)
7fz8-assembly1,A,B,protein,ligand,(WEI)
8bmv-assembly1,A,C,protein,ligand,(URC)
8e4z-assembly1,A,C,protein,ligand,(UKF)
8pb2-assembly1,A,D,protein,ligand,(XQ5)
8pyk-assembly1,A,B,protein,ligand,(IC2)
7fwb-assembly1,A,B,protein,ligand,(LM9)
8b8u-assembly1,A,D,protein,ligand,(T7I)
8p3d-assembly1,A,B,protein,ligand,(WS5)
8r6j-assembly1,A,C,protein,ligand,(Y7F)
7qrb-assembly1,A,G,protein,ligand,(EX9)
7g0j-assembly1,A,D,protein,ligand,(WKI)
8k7h-assembly1,A,G,protein,ligand,(VMO)
8ehp-assembly1,A,C,protein,ligand,(WJO)
8v1f-assembly1,B,O,protein,ligand,(7R8)
8eyl-assembly1,A,D,protein,ligand,(X5F)
7fuq-assembly1,A,C,protein,ligand,(YUF)
8wkg-assembly1,A,B,protein,ligand,(WDB)
8txe-assembly1,A,E,protein,ligand,(VM9)
8pd6-assembly1,A,B,protein,ligand,(YCB)
8pgx-assembly1,A,D,protein,ligand,(YKO)
8tfq-assembly1,C,E,protein,ligand,(7V7)
8aui-assembly1,A,D,protein,ligand,(O8R)
8un5-assembly1,A,G,protein,ligand,(XQ6)
8sbt-assembly1,A,C,protein,ligand,(ZUY)
8ppf-assembly1,A,D,protein,ligand,(6II)
8cm2-assembly1,A,B,protein,ligand,(V1X)
8uss-assembly1,A,B,protein,ligand,(XCW)
8k4f-assembly1,A,N,protein,ligand,(FJW)
7gi0-assembly1,B,Q,protein,ligand,(OQL)
8r6k-assembly1,A,E,protein,ligand,(Y78)
8r1n-assembly1,A,C,protein,ligand,(XIT)
8im3-assembly1,A,H,protein,ligand,(92U)
7ur9-assembly1,B,D,protein,ligand,(O5F)
7x3p-assembly1,A,B,protein,ligand,(8VG)
8k7f-assembly1,B,K,protein,ligand,(VMF)
8out-assembly1,A,B,protein,ligand,(W3C)
8jwz-assembly1,A,U,protein,ligand,(U30)
7t1d-assembly1,B,S,protein,ligand,(E7K)
8r5b-assembly1,A,C,protein,ligand,(Y32)
7sza-assembly1,A,E,protein,ligand,(DUI)
8h1y-assembly1,A-2,G-2,protein,ligand,(KPU)
8bx9-assembly1,A,C,protein,ligand,(S59)
7fxk-assembly1,A,D,protein,ligand,(S8X)
8chi-assembly1,A,C,protein,ligand,(UMR)
8son-assembly1,A,I,protein,ligand,(30Y)
8tr4-assembly1,A,C,protein,ligand,(K6C)
7th4-assembly1,B,H,protein,ligand,(FFO)
7fuo-assembly1,A,C,protein,ligand,(YUB)
8j3t-assembly1,A,C,protein,ligand,(T1F)
7fyg-assembly1,A,B,protein,ligand,(VVL)
7fyf-assembly1,A,B,protein,ligand,(VS5)
8gpz-assembly1,A,E,protein,ligand,(KC3)
8p9p-assembly1,A,D,protein,ligand,(XB4)
7g10-assembly1,A,D,protein,ligand,(WMF)
8svy-assembly1,A,H,protein,ligand,(WUC)
7udq-assembly1,A,C,protein,ligand,(MVS)
8ohv-assembly1,A,B,protein,ligand,(VP5)
8auz-assembly1,A,D,protein,ligand,(O9C)
8w4b-assembly1,A,B,protein,ligand,(STR)
8p9g-assembly1,A,B,protein,ligand,(X9K)
8p9h-assembly1,A,B,protein,ligand,(X9C)
8d3i-assembly1,B,H,protein,ligand,(1LM)
8qf9-assembly1,A,D,protein,ligand,(UHO)
8tx0-assembly1,A,C,protein,ligand,(VEU)
7fvy-assembly1,A,B,protein,ligand,(IWI)
8pgj-assembly1,A,D,protein,ligand,(YMB)
8pym-assembly1,A,B,protein,ligand,(IED)
8cqi-assembly1,A,G,protein,ligand,(VGO)
8onv-assembly1,A,F,protein,ligand,(VU6)
7zso-assembly1,A,D,protein,ligand,(JTC)
8q1a-assembly1,C-2,L-2,protein,ligand,(IO6)
8iyb-assembly1,A,E,protein,ligand,(FER)
8c1k-assembly1,A,F,protein,ligand,(T5L)
8fbq-assembly1,A,C,protein,ligand,(XOQ)
7uad-assembly1,A,B,protein,ligand,(M5R)
7ful-assembly1,A,C,protein,ligand,(YUO)
8cn2-assembly1,A,G,protein,ligand,(V60)
7fwl-assembly1,A,B,protein,ligand,(O6Q)
8fbm-assembly1,A,D,protein,ligand,(XOF)
8c0q-assembly1,A,C,protein,ligand,(SWU)
8upq-assembly1,A,H,protein,ligand,(XAI)
7g1o-assembly1,A,B,protein,ligand,(WP8)
8u8j-assembly1,A,B,protein,ligand,(WAL)
8f8e-assembly1,A,C,protein,ligand,(XJI)
7qzx-assembly1,A,C,protein,ligand,(HIL)
8okg-assembly1,A,C,protein,ligand,(VQH)
8a34-assembly1,A,C,protein,ligand,(KYI)
7gnb-assembly1,A,H,protein,ligand,(RW0)
8ckq-assembly1,A,C,protein,ligand,(UZX)
8egq-assembly1,A,C,protein,ligand,(WJK)
8cdw-assembly1,A,C,protein,ligand,(UES)
8pg6-assembly1,A,D,protein,ligand,(YSX)
7xek-assembly1,A-2,B-2,protein,ligand,(9YX)
8qtj-assembly1,A,E,protein,ligand,(WUI)
8sjk-assembly1,A,F,protein,ligand,(CFF)
7zgc-assembly1,A,B,protein,ligand,(IUO)
8p95-assembly1,A,D,protein,ligand,(XA9)
7g00-assembly1,A,Q,protein,ligand,(WII)
7uy4-assembly1,A,D,protein,ligand,(SMI)
7fyr-assembly1,A,B,protein,ligand,(W9F)
8hkb-assembly1,A,B,protein,ligand,(UB7)
8bce-assembly1,A,C,protein,ligand,(B09)
7ftp-assembly1,A,C,protein,ligand,(YQ8)
7fzi-assembly1,A,C,protein,ligand,(WG3)
8dtd-assembly1,B,E,protein,ligand,(PPF)
8oqo-assembly1,B,O,protein,ligand,(VXH)
8g35-assembly1,A,C,protein,ligand,(YJE)
8b9e-assembly1,A,D,protein,ligand,(Q7F)
7fz3-assembly1,A,B,protein,ligand,(WDO)
7zqr-assembly1,A,F,protein,ligand,(JK9)
8ug3-assembly1,A,C,protein,ligand,(WRE)
8gkf-assembly1,A,J,protein,ligand,(D16)
7fwe-assembly1,A,B,protein,ligand,(MF9)
7fxn-assembly1,A,B,protein,ligand,(SUX)
8pyi-assembly1,A,I,protein,ligand,(IER)
8jq4-assembly1,D,Q,protein,ligand,(RM4)
8qk9-assembly1,A,D,protein,ligand,(VQ9)
8u2d-assembly1,A,B,protein,ligand,(UQX)
8cjk-assembly1,A,C,protein,ligand,(UVU)
8ivu-assembly1,B,I,protein,ligand,(SJ6)
8pgc-assembly1,A,D,protein,ligand,(YSB)
8a3a-assembly1,A,B,protein,ligand,(KYR)
8fau-assembly1,A,B,protein,ligand,(Y3E)
8t9v-assembly1,A,B,protein,ligand,(ZJT)
7fw3-assembly1,A,B,protein,ligand,(KL3)
8co7-assembly1,A,B,protein,ligand,(V9E)
8ba3-assembly1,A,B,protein,ligand,(Q8U)
7x6t-assembly1,A,B,protein,ligand,(97F)
8txg-assembly1,A,D,protein,ligand,(VQT)
8fv2-assembly1,A,F,protein,ligand,(JHL)
8pgr-assembly1,A,E,protein,ligand,(YJZ)
8eym-assembly1,B,E,protein,ligand,(16G)
7fyo-assembly1,A,B,protein,ligand,(W90)
8p9k-assembly1,A,C,protein,ligand,(X9U)
8aem-assembly1,A,H,protein,ligand,(LVF)
8c1e-assembly1,A,B,protein,ligand,(T0X)
7fw1-assembly1,A,D,protein,ligand,(K7C)
7fz0-assembly1,A,E,protein,ligand,(WBR)
8bc8-assembly1,A,C,protein,ligand,(QB6)
8qtk-assembly1,A,E,protein,ligand,(WX9)
8qa8-assembly1,A,L,protein,ligand,(CTP)
8p9t-assembly1,A,D,protein,ligand,(XCQ)
8f7v-assembly1,A,C,protein,ligand,(EUA)
8txh-assembly1,A,E,protein,ligand,(VR5)
7fwr-assembly1,A,B,protein,ligand,(P6X)
8f7u-assembly1,A,C,protein,ligand,(GGI)
8okp-assembly1,A,C,protein,ligand,(VQW)
8rak-assembly1,A,D,protein,ligand,(YMH)
8c72-assembly1,A,D,protein,ligand,(TW0)
7fxr-assembly1,A,B,protein,ligand,(TQO)
8p08-assembly1,A,B,protein,ligand,(WAZ)
7fxf-assembly1,A,B,protein,ligand,(R9O)
8jbo-assembly1,A,C,protein,ligand,(IFM)
8ime-assembly1,B,E,protein,ligand,(0XE)
8ppi-assembly1,A,C,protein,ligand,(69I)
8eut-assembly1,A,C,protein,ligand,(WV5)
8ja9-assembly1,A,H,protein,ligand,(TY6)
8agq-assembly1,A-2,C-2,protein,ligand,(M5O)
8ai3-assembly1,A,E,protein,ligand,(SAM)
8a0t-assembly1,A,C,protein,ligand,(KLO)
9bbh-assembly1,A,E,protein,ligand,(VVP)
7vro-assembly1,B,H,protein,ligand,(37T)
8y58-assembly1,A,B,protein,ligand,(PMZ)
8kh3-assembly1,A,B,protein,ligand,(VWF)
8usr-assembly1,B,F,protein,ligand,(XCE)
8uv0-assembly1,A,B,protein,ligand,(XKU)
7yl1-assembly1,A,B,protein,ligand,(J6F)
7fzj-assembly1,A,B,protein,ligand,(WGL)
7zw8-assembly1,A,B,protein,ligand,(K3R)
8jfd-assembly1,A,E,protein,ligand,(U8Y)
8bo3-assembly1,A,B,protein,ligand,(QV3)
7u9i-assembly1,A,C,protein,ligand,(44T)
7fug-assembly1,A,D,protein,ligand,(YP8)
7fxq-assembly1,A,B,protein,ligand,(TK6)
8ous-assembly1,A,B,protein,ligand,(W3I)
8wdq-assembly1,B,M,protein,ligand,(IPD)
7eka-assembly1,A,B,protein,ligand,(EGT)
8flv-assembly1,A,B,protein,ligand,(ZB9)
8p92-assembly1,A,D,protein,ligand,(XB0)
8pg9-assembly1,A,D,protein,ligand,(YV8)
8fny-assembly1,A,F,protein,ligand,(ADP)
